[2,311];5;0;5;0
[2,407];5;5;0;0
[2,408];5;5;0;0
[2,425];5;5;0;0
[2,834];5;0;0;5
[3,311];5;0;5;0
[3,407];5;5;0;0
[3,408];5;5;0;0
[3,425];5;5;0;0
[3,834];5;5;0;0
[18,26];2;2;0;0
[18,27];2;2;0;0
[18,28];2;2;0;0
[18,29];2;2;0;0
[18,30];2;2;0;0
[18,31];2;2;0;0
[18,32];2;2;0;0
[18,33];2;2;0;0
[18,34];2;2;0;0
[18,122];2;0;0;2
[18,124];2;0;0;2
[18,566];2;0;0;2
[18,567];2;0;0;2
[18,568];2;0;0;2
[18,570];2;0;0;2
[18,571];2;2;0;0
[18,572];2;0;0;2
[18,573];2;0;0;2
[18,575];2;2;0;0
[18,576];1;1;0;0
[18,577];2;2;0;0
[18,578];2;2;0;0
[18,580];2;2;0;0
[18,581];2;2;0;0
[18,583];2;2;0;0
[18,586];2;2;0;0
[18,587];1;1;0;0
[18,588];1;1;0;0
[18,589];2;2;0;0
[18,590];2;2;0;0
[18,592];2;2;0;0
[18,593];2;2;0;0
[18,594];2;2;0;0
[18,595];2;2;0;0
[18,596];1;1;0;0
[18,597];2;2;0;0
[18,598];1;1;0;0
[18,601];2;1;1;0
[18,602];2;2;0;0
[18,604];1;0;0;1
[18,608];1;0;0;1
[21,24];1;1;0;0
[21,33];1;1;0;0
[21,36];1;1;0;0
[21,37];1;1;0;0
[21,38];1;1;0;0
[21,41];1;1;0;0
[24,36];1;0;0;1
[24,37];1;0;0;1
[24,38];1;0;0;1
[24,41];1;0;0;1
[25,36];1;1;0;0
[25,37];1;1;0;0
[25,38];1;1;0;0
[25,41];1;1;0;0
[26,31];2;0;2;0
[26,32];2;0;2;0
[26,33];2;0;2;0
[26,34];2;0;2;0
[26,122];2;0;0;2
[26,124];2;0;0;2
[26,566];2;0;0;2
[26,567];2;0;0;2
[26,568];2;0;0;2
[26,570];2;0;0;2
[26,571];2;2;0;0
[26,572];2;0;0;2
[26,573];2;0;0;2
[26,575];2;2;0;0
[26,576];1;1;0;0
[26,577];2;2;0;0
[26,578];2;2;0;0
[26,580];2;2;0;0
[26,581];2;2;0;0
[26,583];2;2;0;0
[26,586];2;2;0;0
[26,587];1;1;0;0
[26,588];1;1;0;0
[26,589];2;2;0;0
[26,590];2;2;0;0
[26,592];2;2;0;0
[26,593];2;2;0;0
[26,594];2;2;0;0
[26,595];2;2;0;0
[26,596];1;1;0;0
[26,597];2;2;0;0
[26,598];1;1;0;0
[26,601];2;1;1;0
[26,602];2;2;0;0
[26,604];1;0;0;1
[26,608];1;0;0;1
[27,31];2;0;2;0
[27,32];2;0;2;0
[27,33];2;0;2;0
[27,34];2;0;2;0
[27,122];2;0;0;2
[27,124];2;0;0;2
[27,566];2;0;0;2
[27,567];2;0;0;2
[27,568];2;0;0;2
[27,570];2;0;0;2
[27,571];2;2;0;0
[27,572];2;0;0;2
[27,573];2;0;0;2
[27,575];2;2;0;0
[27,576];1;1;0;0
[27,577];2;2;0;0
[27,578];2;2;0;0
[27,580];2;2;0;0
[27,581];2;2;0;0
[27,583];2;2;0;0
[27,586];2;2;0;0
[27,587];1;1;0;0
[27,588];1;1;0;0
[27,589];2;2;0;0
[27,590];2;2;0;0
[27,592];2;2;0;0
[27,593];2;2;0;0
[27,594];2;2;0;0
[27,595];2;2;0;0
[27,596];1;1;0;0
[27,597];2;2;0;0
[27,598];1;1;0;0
[27,601];2;1;1;0
[27,602];2;2;0;0
[27,604];1;0;0;1
[27,608];1;0;0;1
[28,31];2;2;0;0
[28,32];2;2;0;0
[28,33];2;2;0;0
[28,34];2;2;0;0
[28,122];2;0;0;2
[28,124];2;0;0;2
[28,566];2;0;0;2
[28,567];2;0;0;2
[28,568];2;0;0;2
[28,570];2;0;0;2
[28,571];2;2;0;0
[28,572];2;0;0;2
[28,573];2;0;0;2
[28,575];2;2;0;0
[28,576];1;1;0;0
[28,577];2;2;0;0
[28,578];2;2;0;0
[28,580];2;2;0;0
[28,581];2;2;0;0
[28,583];2;2;0;0
[28,586];2;2;0;0
[28,587];1;1;0;0
[28,588];1;1;0;0
[28,589];2;2;0;0
[28,590];2;2;0;0
[28,592];2;2;0;0
[28,593];2;2;0;0
[28,594];2;2;0;0
[28,595];2;2;0;0
[28,596];1;1;0;0
[28,597];2;2;0;0
[28,598];1;1;0;0
[28,601];2;1;1;0
[28,602];2;2;0;0
[28,604];1;0;0;1
[28,608];1;0;0;1
[29,31];2;0;2;0
[29,32];2;0;2;0
[29,33];2;0;2;0
[29,34];2;0;2;0
[29,122];2;0;0;2
[29,124];2;0;0;2
[29,566];2;0;0;2
[29,567];2;0;0;2
[29,568];2;0;0;2
[29,570];2;0;0;2
[29,571];2;2;0;0
[29,572];2;0;0;2
[29,573];2;0;0;2
[29,575];2;2;0;0
[29,576];1;1;0;0
[29,577];2;2;0;0
[29,578];2;2;0;0
[29,580];2;2;0;0
[29,581];2;2;0;0
[29,583];2;2;0;0
[29,586];2;2;0;0
[29,587];1;1;0;0
[29,588];1;1;0;0
[29,589];2;2;0;0
[29,590];2;2;0;0
[29,592];2;2;0;0
[29,593];2;2;0;0
[29,594];2;2;0;0
[29,595];2;2;0;0
[29,596];1;1;0;0
[29,597];2;2;0;0
[29,598];1;1;0;0
[29,601];2;1;1;0
[29,602];2;2;0;0
[29,604];1;0;0;1
[29,608];1;0;0;1
[30,31];2;2;0;0
[30,32];2;2;0;0
[30,33];2;2;0;0
[30,34];2;2;0;0
[30,122];2;0;0;2
[30,124];2;0;0;2
[30,566];2;0;0;2
[30,567];2;0;0;2
[30,568];2;0;0;2
[30,570];2;0;0;2
[30,571];2;2;0;0
[30,572];2;0;0;2
[30,573];2;0;0;2
[30,575];2;2;0;0
[30,577];2;2;0;0
[30,578];2;2;0;0
[30,583];2;2;0;0
[30,586];2;2;0;0
[30,587];2;2;0;0
[30,588];1;1;0;0
[30,589];2;2;0;0
[30,590];2;2;0;0
[30,592];2;2;0;0
[30,593];2;2;0;0
[30,594];2;2;0;0
[30,595];2;2;0;0
[30,597];2;2;0;0
[30,601];2;1;1;0
[30,602];2;2;0;0
[30,604];1;0;0;1
[30,608];1;0;0;1
[31,122];2;0;0;2
[31,124];2;0;0;2
[31,566];2;0;0;2
[31,567];2;0;0;2
[31,568];2;0;0;2
[31,570];2;0;0;2
[31,571];2;2;0;0
[31,572];2;0;0;2
[31,573];2;0;0;2
[31,575];2;2;0;0
[31,576];1;1;0;0
[31,577];2;2;0;0
[31,578];2;2;0;0
[31,580];2;2;0;0
[31,581];2;2;0;0
[31,583];2;2;0;0
[31,586];2;2;0;0
[31,587];1;1;0;0
[31,588];1;1;0;0
[31,589];2;2;0;0
[31,590];2;2;0;0
[31,592];2;2;0;0
[31,593];2;2;0;0
[31,594];2;2;0;0
[31,595];2;2;0;0
[31,596];1;1;0;0
[31,597];2;2;0;0
[31,598];1;1;0;0
[31,601];2;1;1;0
[31,602];2;2;0;0
[31,604];1;0;0;1
[31,608];1;0;0;1
[32,122];2;0;0;2
[32,124];2;0;0;2
[32,566];2;0;0;2
[32,567];2;0;0;2
[32,568];2;0;0;2
[32,570];2;0;0;2
[32,571];2;2;0;0
[32,572];2;0;0;2
[32,573];2;0;0;2
[32,575];2;2;0;0
[32,576];1;1;0;0
[32,577];2;2;0;0
[32,578];2;2;0;0
[32,580];2;2;0;0
[32,581];2;2;0;0
[32,583];2;2;0;0
[32,586];2;2;0;0
[32,587];1;1;0;0
[32,588];1;1;0;0
[32,589];2;2;0;0
[32,590];2;2;0;0
[32,592];2;2;0;0
[32,593];2;2;0;0
[32,594];2;2;0;0
[32,595];2;2;0;0
[32,596];1;1;0;0
[32,597];2;2;0;0
[32,598];1;1;0;0
[32,601];2;1;1;0
[32,602];2;2;0;0
[32,604];1;0;0;1
[32,608];1;0;0;1
[33,36];1;0;1;0
[34,122];2;0;0;2
[34,124];2;0;0;2
[34,566];2;0;0;2
[34,567];2;0;0;2
[34,568];2;0;0;2
[34,570];2;0;0;2
[34,571];2;2;0;0
[34,572];2;0;0;2
[34,573];2;0;0;2
[34,575];2;2;0;0
[34,576];1;1;0;0
[34,577];2;2;0;0
[34,578];2;2;0;0
[34,580];2;2;0;0
[34,581];2;2;0;0
[34,583];2;2;0;0
[34,586];2;2;0;0
[34,587];1;1;0;0
[34,588];1;1;0;0
[34,589];2;2;0;0
[34,590];2;2;0;0
[34,592];2;2;0;0
[34,593];2;2;0;0
[34,594];2;2;0;0
[34,595];2;2;0;0
[34,596];1;1;0;0
[34,597];2;2;0;0
[34,598];1;1;0;0
[34,601];2;1;1;0
[34,602];2;2;0;0
[34,604];1;0;0;1
[34,608];1;0;0;1
[36,37];1;0;0;1
[36,41];1;0;0;1
[37,41];1;1;0;0
[38,41];1;1;0;0
[39,122];2;0;0;2
[39,124];2;0;0;2
[39,566];2;0;0;2
[39,567];2;0;0;2
[39,568];2;0;0;2
[39,570];2;0;0;2
[39,571];2;2;0;0
[39,572];2;0;0;2
[39,573];2;0;0;2
[39,575];2;2;0;0
[39,577];2;2;0;0
[39,578];2;2;0;0
[39,583];2;2;0;0
[39,586];2;2;0;0
[39,587];2;2;0;0
[39,588];1;1;0;0
[39,589];2;2;0;0
[39,590];2;2;0;0
[39,592];2;2;0;0
[39,593];2;2;0;0
[39,594];2;2;0;0
[39,595];2;2;0;0
[39,597];2;2;0;0
[39,601];2;0;2;0
[39,602];2;2;0;0
[39,604];1;0;0;1
[39,608];1;0;0;1
[44,535];3;3;0;0
[44,723];3;0;3;0
[45,46];1;1;0;0
[45,533];1;1;0;0
[45,534];1;1;0;0
[45,536];1;1;0;0
[45,537];1;1;0;0
[46,533];1;1;0;0
[46,534];1;1;0;0
[47,535];3;3;0;0
[47,723];3;0;3;0
[49,677];1;0;0;1
[56,92];47;0;47;0
[56,609];47;47;0;0
[56,612];47;47;0;0
[56,616];47;47;0;0
[56,620];47;47;0;0
[56,624];47;47;0;0
[56,628];47;47;0;0
[66,113];11;11;0;0
[66,355];10;0;0;10
[67,113];11;11;0;0
[67,355];10;0;0;10
[77,113];10;0;10;0
[77,355];10;0;0;10
[78,429];16;0;0;16
[79,477];4;0;0;4
[80,477];4;0;0;4
[83,477];4;0;0;4
[87,240];7;0;0;7
[87,339];7;0;0;7
[87,340];7;0;0;7
[87,341];7;0;0;7
[87,344];7;0;0;7
[87,347];7;0;0;7
[88,357];3;3;0;0
[88,361];3;3;0;0
[88,363];3;3;0;0
[89,353];1;1;0;0
[89,364];1;0;0;1
[89,851];1;1;0;0
[89,852];1;1;0;0
[89,853];1;1;0;0
[89,854];1;1;0;0
[89,855];1;1;0;0
[91,487];121;0;0;121
[91,488];121;121;0;0
[91,489];121;0;0;121
[91,490];121;121;0;0
[91,491];121;0;121;0
[91,492];121;0;121;0
[91,493];121;0;121;0
[91,494];121;0;121;0
[91,495];121;0;121;0
[91,496];121;0;121;0
[91,497];121;0;121;0
[91,498];121;0;121;0
[91,499];121;0;121;0
[91,500];121;0;121;0
[91,501];121;0;121;0
[91,502];121;0;121;0
[91,503];121;0;121;0
[91,504];121;0;121;0
[91,505];121;0;121;0
[91,506];121;0;121;0
[91,507];121;0;121;0
[91,508];121;0;121;0
[91,509];121;0;121;0
[91,510];121;0;121;0
[91,511];121;0;121;0
[91,512];121;0;121;0
[91,513];121;0;121;0
[91,514];121;0;121;0
[91,519];121;0;121;0
[91,609];121;0;121;0
[91,610];121;0;121;0
[91,611];121;0;121;0
[91,612];121;0;121;0
[91,613];121;0;121;0
[91,614];121;0;121;0
[91,615];121;0;121;0
[91,616];121;0;121;0
[91,617];121;0;121;0
[91,618];121;0;121;0
[91,619];121;0;121;0
[91,620];121;0;121;0
[91,621];121;0;121;0
[91,622];121;0;121;0
[91,623];121;0;121;0
[91,624];121;0;121;0
[91,625];121;0;121;0
[91,626];121;0;121;0
[91,627];121;0;121;0
[91,628];121;0;121;0
[91,629];121;0;121;0
[91,630];121;0;121;0
[91,631];121;0;121;0
[91,632];121;0;121;0
[91,633];121;0;121;0
[91,634];121;0;121;0
[91,635];121;0;121;0
[91,636];121;0;0;121
[91,637];121;121;0;0
[91,638];121;0;121;0
[94,360];1;1;0;0
[95,96];5;0;0;5
[95,98];5;0;0;5
[95,100];5;0;0;5
[102,103];1;0;0;1
[102,105];1;0;0;1
[102,107];1;0;0;1
[102,428];1;0;0;1
[103,428];1;0;0;1
[105,428];1;0;0;1
[107,428];1;0;0;1
[108,428];1;0;0;1
[109,110];3;0;0;3
[109,112];3;0;0;3
[109,114];3;0;0;3
[113,355];10;0;0;10
[122,124];2;0;2;0
[122,566];2;0;0;2
[122,567];2;0;0;2
[122,568];2;0;0;2
[122,570];2;0;0;2
[122,571];2;2;0;0
[122,572];2;0;0;2
[122,573];2;0;0;2
[122,575];2;2;0;0
[122,577];2;2;0;0
[122,578];2;2;0;0
[122,583];2;2;0;0
[122,586];2;2;0;0
[122,587];2;2;0;0
[122,588];1;1;0;0
[122,589];2;2;0;0
[122,590];2;2;0;0
[122,592];2;2;0;0
[122,593];2;2;0;0
[122,594];2;2;0;0
[122,595];2;2;0;0
[122,597];2;2;0;0
[122,601];2;0;2;0
[122,602];2;2;0;0
[122,604];1;0;0;1
[122,608];1;0;0;1
[124,566];2;0;0;2
[124,567];2;0;0;2
[124,568];2;0;0;2
[124,570];2;0;0;2
[124,571];2;2;0;0
[124,572];2;0;0;2
[124,573];2;0;0;2
[124,575];2;2;0;0
[124,577];2;2;0;0
[124,578];2;2;0;0
[124,583];2;2;0;0
[124,586];2;2;0;0
[124,587];2;2;0;0
[124,588];1;1;0;0
[124,589];2;2;0;0
[124,590];2;2;0;0
[124,592];2;2;0;0
[124,593];2;2;0;0
[124,594];2;2;0;0
[124,595];2;2;0;0
[124,597];2;2;0;0
[124,601];2;0;2;0
[124,602];2;2;0;0
[124,604];1;0;0;1
[124,608];1;0;0;1
[126,199];70;70;0;0
[126,205];70;70;0;0
[128,198];71;71;0;0
[128,204];71;71;0;0
[131,767];1;0;1;0
[131,768];1;0;1;0
[131,769];1;0;1;0
[134,148];4;0;4;0
[134,162];4;0;4;0
[135,767];1;0;1;0
[135,768];1;0;1;0
[135,769];1;0;1;0
[145,159];2;0;2;0
[145,163];2;0;2;0
[148,162];4;0;4;0
[149,159];2;0;2;0
[149,163];2;0;2;0
[165,167];81;0;81;0
[165,170];81;0;81;0
[167,172];1;0;0;1
[170,172];1;0;0;1
[176,182];17;10;7;0
[177,182];17;1;16;0
[178,182];17;9;8;0
[184,198];72;0;72;0
[184,202];72;0;72;0
[184,203];72;0;72;0
[184,204];72;0;72;0
[184,206];72;0;72;0
[184,259];72;0;72;0
[185,198];72;0;72;0
[185,202];72;0;72;0
[185,203];72;0;72;0
[185,204];72;0;72;0
[185,206];72;0;72;0
[185,259];72;0;72;0
[186,549];81;0;0;81
[186,776];81;0;0;81
[192,550];84;0;0;84
[193,198];71;0;71;0
[193,202];71;0;71;0
[193,203];71;0;71;0
[193,204];71;0;71;0
[193,206];71;0;71;0
[194,198];71;0;71;0
[194,202];71;0;71;0
[194,203];71;0;71;0
[194,204];71;0;71;0
[194,206];71;0;71;0
[195,254];8;0;8;0
[195,256];8;0;8;0
[196,198];71;0;71;0
[196,202];71;0;71;0
[196,203];71;0;71;0
[196,204];71;0;71;0
[196,206];71;0;71;0
[198,202];59;59;0;0
[198,203];78;78;0;0
[198,204];78;78;0;0
[198,205];70;70;0;0
[198,206];78;78;0;0
[199,204];70;70;0;0
[199,205];70;70;0;0
[200,204];70;70;0;0
[200,205];70;70;0;0
[201,204];70;70;0;0
[201,205];70;70;0;0
[202,206];78;78;0;0
[203,206];78;78;0;0
[204,206];78;78;0;0
[207,212];7;0;7;0
[209,212];7;7;0;0
[210,212];7;7;0;0
[214,786];1;0;1;0
[214,787];1;0;1;0
[214,788];1;0;1;0
[214,790];1;0;1;0
[214,792];1;0;1;0
[214,793];1;0;1;0
[229,234];14;6;8;0
[235,248];38;0;38;0
[235,252];38;0;38;0
[235,253];38;0;38;0
[236,248];38;0;38;0
[236,252];38;0;38;0
[236,253];38;0;38;0
[238,247];38;0;38;0
[238,248];38;0;38;0
[238,249];38;0;38;0
[238,252];38;0;38;0
[238,253];38;0;38;0
[240,339];7;0;0;7
[240,340];7;0;0;7
[240,341];7;0;0;7
[240,344];7;0;0;7
[240,347];7;0;0;7
[241,756];4;0;4;0
[242,861];59;0;59;0
[247,252];38;0;38;0
[248,252];38;0;38;0
[249,252];38;0;38;0
[254,256];8;8;0;0
[257,258];6;6;0;0
[257,261];6;0;6;0
[257,656];6;6;0;0
[257,662];6;0;6;0
[257,663];6;0;6;0
[257,664];6;0;6;0
[257,665];6;0;6;0
[257,666];6;0;6;0
[257,667];6;0;6;0
[257,668];6;0;6;0
[257,669];6;0;6;0
[257,671];6;0;6;0
[257,672];6;0;6;0
[257,673];6;0;6;0
[258,261];6;6;0;0
[258,656];6;6;0;0
[258,662];6;0;6;0
[258,663];6;0;6;0
[258,664];6;0;6;0
[258,665];6;0;6;0
[258,666];6;0;6;0
[258,667];6;0;6;0
[258,668];6;0;6;0
[258,669];6;0;6;0
[258,671];6;0;6;0
[258,672];6;0;6;0
[258,673];6;0;6;0
[261,656];6;6;0;0
[261,658];6;6;0;0
[261,659];6;6;0;0
[261,662];6;0;6;0
[261,663];6;0;6;0
[261,664];6;0;6;0
[261,665];6;0;6;0
[261,666];6;0;6;0
[261,667];6;0;6;0
[261,668];6;0;6;0
[261,669];6;0;6;0
[261,671];6;0;6;0
[261,672];6;0;6;0
[261,673];6;0;6;0
[263,861];54;0;54;0
[264,862];3;3;0;0
[265,270];50;2;48;0
[266,270];50;0;50;0
[267,270];50;2;48;0
[273,795];53;0;53;0
[283,286];7;0;0;7
[283,298];7;0;0;7
[283,308];7;0;0;7
[286,298];7;7;0;0
[286,308];7;7;0;0
[287,291];13;0;13;0
[287,294];13;0;13;0
[287,295];13;0;13;0
[289,298];7;7;0;0
[289,308];7;7;0;0
[290,293];3;0;0;3
[290,301];1;0;0;1
[290,302];3;0;0;3
[290,303];3;0;0;3
[290,304];3;0;0;3
[290,307];3;0;0;3
[290,319];3;0;3;0
[290,321];3;0;3;0
[290,324];3;0;3;0
[290,327];3;0;3;0
[293,301];1;1;0;0
[293,302];3;3;0;0
[293,303];3;3;0;0
[293,304];3;3;0;0
[293,307];3;3;0;0
[293,319];3;0;3;0
[293,321];3;0;3;0
[293,324];3;0;3;0
[293,327];3;0;3;0
[296,301];1;1;0;0
[296,302];3;3;0;0
[296,303];3;3;0;0
[296,304];3;3;0;0
[296,307];3;3;0;0
[296,319];3;0;3;0
[296,321];3;0;3;0
[296,324];3;0;3;0
[296,327];3;0;3;0
[298,308];7;0;7;0
[300,305];1;1;0;0
[300,306];1;1;0;0
[301,302];1;0;1;0
[301,303];1;0;1;0
[301,304];1;0;1;0
[301,305];1;0;1;0
[301,306];1;0;1;0
[301,307];1;0;1;0
[301,319];1;0;1;0
[301,321];1;0;1;0
[301,324];1;0;1;0
[301,327];1;0;1;0
[302,307];3;0;3;0
[302,319];3;0;3;0
[302,321];3;0;3;0
[302,324];3;0;3;0
[302,327];3;0;3;0
[303,307];3;0;3;0
[303,319];3;0;3;0
[303,321];3;0;3;0
[303,324];3;0;3;0
[303,327];3;0;3;0
[304,307];3;0;3;0
[304,319];3;0;3;0
[304,321];3;0;3;0
[304,324];3;0;3;0
[304,327];3;0;3;0
[307,319];3;0;3;0
[307,321];3;0;3;0
[307,324];3;0;3;0
[307,327];3;0;3;0
[310,315];7;0;0;7
[311,407];5;5;0;0
[311,408];5;5;0;0
[311,425];5;5;0;0
[311,834];5;0;0;5
[312,315];7;0;0;7
[316,322];5;0;5;0
[316,326];5;0;5;0
[319,324];4;0;0;4
[321,324];4;0;0;4
[328,330];2;0;0;2
[328,332];2;0;0;2
[328,334];2;0;0;2
[328,811];2;0;2;0
[328,812];2;0;2;0
[328,813];2;0;2;0
[328,823];2;2;0;0
[329,330];2;0;0;2
[329,332];2;0;0;2
[329,334];2;0;0;2
[329,811];2;0;2;0
[329,812];2;0;2;0
[329,813];2;0;2;0
[329,823];2;2;0;0
[330,811];2;0;2;0
[330,812];2;0;2;0
[330,813];2;0;2;0
[330,823];2;2;0;0
[332,811];2;0;2;0
[332,812];2;0;2;0
[332,813];2;0;2;0
[332,823];2;2;0;0
[334,811];2;0;2;0
[334,812];2;0;2;0
[334,813];2;0;2;0
[334,823];2;2;0;0
[335,811];2;0;2;0
[335,812];2;0;2;0
[335,813];2;0;2;0
[335,823];2;2;0;0
[339,344];7;0;0;7
[340,344];7;0;0;7
[341,344];7;0;0;7
[353,364];1;1;0;0
[353,851];1;1;0;0
[353,852];1;1;0;0
[353,853];1;1;0;0
[353,854];1;1;0;0
[353,855];1;1;0;0
[357,363];3;2;1;0
[358,365];2;0;2;0
[358,366];2;0;2;0
[358,367];2;0;2;0
[358,368];2;0;2;0
[358,370];2;0;2;0
[358,371];2;0;2;0
[358,372];2;0;2;0
[359,365];2;0;2;0
[359,366];2;0;2;0
[359,367];2;0;2;0
[359,368];2;0;2;0
[359,370];2;0;2;0
[359,371];2;0;2;0
[359,372];2;0;2;0
[361,363];3;0;3;0
[362,365];2;2;0;0
[362,366];2;2;0;0
[362,367];2;2;0;0
[362,368];2;2;0;0
[362,370];2;2;0;0
[362,371];2;2;0;0
[362,372];2;2;0;0
[364,851];1;1;0;0
[364,852];1;1;0;0
[364,853];1;1;0;0
[364,854];1;1;0;0
[364,855];1;1;0;0
[365,366];2;2;0;0
[365,367];2;2;0;0
[365,368];2;2;0;0
[365,370];2;2;0;0
[365,371];2;2;0;0
[365,372];2;2;0;0
[366,371];2;0;2;0
[367,371];2;0;2;0
[368,371];2;0;2;0
[370,371];2;2;0;0
[374,380];1;0;1;0
[375,383];2;0;2;0
[375,385];2;0;2;0
[375,387];2;0;2;0
[376,383];2;0;2;0
[376,385];2;0;2;0
[376,387];2;0;2;0
[377,380];1;0;1;0
[382,831];1;0;0;1
[397,401];1;0;1;0
[398,401];1;0;1;0
[399,401];1;0;1;0
[400,401];1;1;0;0
[407,409];5;5;0;0
[407,413];5;5;0;0
[407,425];5;5;0;0
[407,834];5;5;0;0
[408,409];5;5;0;0
[408,413];5;5;0;0
[408,425];5;5;0;0
[408,834];5;5;0;0
[412,422];27;0;27;0
[418,419];1;1;0;0
[425,834];5;5;0;0
[437,441];2;2;0;0
[437,442];2;2;0;0
[437,443];2;2;0;0
[437,451];2;2;0;0
[438,444];3;3;0;0
[438,449];2;2;0;0
[439,444];3;3;0;0
[439,449];2;2;0;0
[440,444];3;3;0;0
[440,449];2;2;0;0
[441,451];2;1;1;0
[442,451];2;1;1;0
[443,451];2;1;1;0
[444,449];2;2;0;0
[454,459];6;1;5;0
[455,459];6;0;6;0
[456,459];6;1;5;0
[461,463];3;0;0;3
[461,465];3;0;0;3
[461,467];3;0;0;3
[461,797];2;2;0;0
[461,798];2;2;0;0
[461,799];3;3;0;0
[461,803];2;2;0;0
[461,804];2;2;0;0
[461,805];2;2;0;0
[461,806];2;2;0;0
[461,808];3;3;0;0
[461,809];3;0;0;3
[462,463];3;0;0;3
[462,465];3;0;0;3
[462,467];3;0;0;3
[462,797];2;2;0;0
[462,798];2;2;0;0
[462,799];3;3;0;0
[462,803];2;2;0;0
[462,804];2;2;0;0
[462,805];2;2;0;0
[462,806];2;2;0;0
[462,808];3;3;0;0
[462,809];3;0;0;3
[463,797];2;2;0;0
[463,798];2;2;0;0
[463,799];3;3;0;0
[463,803];2;2;0;0
[463,804];2;2;0;0
[463,805];2;2;0;0
[463,806];2;2;0;0
[463,808];3;3;0;0
[463,809];3;0;0;3
[465,797];2;2;0;0
[465,798];2;2;0;0
[465,799];3;3;0;0
[465,803];2;2;0;0
[465,804];2;2;0;0
[465,805];2;2;0;0
[465,806];2;2;0;0
[465,808];3;3;0;0
[465,809];3;0;0;3
[466,809];3;0;0;3
[467,797];2;2;0;0
[467,798];2;2;0;0
[467,799];3;3;0;0
[467,803];2;2;0;0
[467,804];2;2;0;0
[467,805];2;2;0;0
[467,806];2;2;0;0
[467,808];3;3;0;0
[467,809];3;0;0;3
[468,797];2;2;0;0
[468,798];2;2;0;0
[468,799];3;3;0;0
[468,803];2;2;0;0
[468,804];2;2;0;0
[468,805];2;2;0;0
[468,806];2;2;0;0
[468,808];3;3;0;0
[468,809];3;0;0;3
[469,476];1;0;1;0
[480,482];4;4;0;0
[480,483];4;4;0;0
[480,484];4;4;0;0
[480,485];4;4;0;0
[481,485];8;8;0;0
[481,486];8;8;0;0
[485,486];8;8;0;0
[487,488];121;121;0;0
[487,489];121;0;121;0
[487,490];121;0;121;0
[487,491];121;0;121;0
[487,492];121;0;121;0
[487,493];121;0;121;0
[487,494];121;0;121;0
[487,495];121;0;121;0
[487,496];121;0;121;0
[487,497];121;0;121;0
[487,498];121;0;121;0
[487,499];121;0;121;0
[487,500];121;0;121;0
[487,501];121;0;121;0
[487,502];121;0;121;0
[487,503];121;0;121;0
[487,504];121;0;121;0
[487,505];121;0;121;0
[487,506];121;0;121;0
[487,507];121;0;121;0
[487,508];121;0;121;0
[487,509];121;0;121;0
[487,510];121;0;121;0
[487,511];121;0;121;0
[487,512];121;0;121;0
[487,513];121;0;121;0
[487,514];121;0;121;0
[487,519];121;0;121;0
[487,609];121;0;121;0
[487,610];121;0;121;0
[487,611];121;0;121;0
[487,612];121;0;121;0
[487,613];121;0;121;0
[487,614];121;0;121;0
[487,615];121;0;121;0
[487,616];121;0;121;0
[487,617];121;0;121;0
[487,618];121;0;121;0
[487,619];121;0;121;0
[487,620];121;0;121;0
[487,621];121;0;121;0
[487,622];121;0;121;0
[487,623];121;0;121;0
[487,624];121;0;121;0
[487,625];121;0;121;0
[487,626];121;0;121;0
[487,627];121;0;121;0
[487,628];121;0;121;0
[487,629];121;0;121;0
[487,630];121;0;121;0
[487,631];121;0;121;0
[487,632];121;0;121;0
[487,633];121;0;121;0
[487,634];121;0;121;0
[487,635];121;0;121;0
[487,636];121;0;121;0
[487,637];121;0;121;0
[487,638];121;0;121;0
[488,489];121;121;0;0
[488,490];121;121;0;0
[488,491];121;121;0;0
[488,492];121;121;0;0
[488,493];121;121;0;0
[488,494];121;121;0;0
[488,495];121;121;0;0
[488,496];121;121;0;0
[488,497];121;121;0;0
[488,498];121;121;0;0
[488,499];121;121;0;0
[488,500];121;121;0;0
[488,501];121;121;0;0
[488,502];121;121;0;0
[488,503];121;121;0;0
[488,504];121;121;0;0
[488,505];121;121;0;0
[488,506];121;121;0;0
[488,507];121;121;0;0
[488,508];121;121;0;0
[488,509];121;121;0;0
[488,510];121;121;0;0
[488,511];121;121;0;0
[488,512];121;121;0;0
[488,513];121;121;0;0
[488,514];121;121;0;0
[488,519];121;121;0;0
[488,609];121;121;0;0
[488,610];121;121;0;0
[488,611];121;121;0;0
[488,612];121;121;0;0
[488,613];121;121;0;0
[488,614];121;121;0;0
[488,615];121;121;0;0
[488,616];121;121;0;0
[488,617];121;121;0;0
[488,618];121;121;0;0
[488,619];121;121;0;0
[488,620];121;121;0;0
[488,621];121;121;0;0
[488,622];121;121;0;0
[488,623];121;121;0;0
[488,624];121;121;0;0
[488,625];121;121;0;0
[488,626];121;121;0;0
[488,627];121;121;0;0
[488,628];121;121;0;0
[488,629];121;121;0;0
[488,630];121;121;0;0
[488,631];121;121;0;0
[488,632];121;121;0;0
[488,633];121;121;0;0
[488,634];121;121;0;0
[488,635];121;121;0;0
[488,636];121;121;0;0
[488,637];121;121;0;0
[488,638];121;121;0;0
[489,490];121;121;0;0
[489,491];121;0;121;0
[489,492];121;0;121;0
[489,493];121;0;121;0
[489,494];121;0;121;0
[489,495];121;0;121;0
[489,496];121;0;121;0
[489,497];121;0;121;0
[489,498];121;0;121;0
[489,499];121;0;121;0
[489,500];121;0;121;0
[489,501];121;0;121;0
[489,502];121;0;121;0
[489,503];121;0;121;0
[489,504];121;0;121;0
[489,505];121;0;121;0
[489,506];121;0;121;0
[489,507];121;0;121;0
[489,508];121;0;121;0
[489,509];121;0;121;0
[489,510];121;0;121;0
[489,511];121;0;121;0
[489,512];121;0;121;0
[489,513];121;0;121;0
[489,514];121;0;121;0
[489,519];121;0;121;0
[489,609];121;0;121;0
[489,610];121;0;121;0
[489,611];121;0;121;0
[489,612];121;0;121;0
[489,613];121;0;121;0
[489,614];121;0;121;0
[489,615];121;0;121;0
[489,616];121;0;121;0
[489,617];121;0;121;0
[489,618];121;0;121;0
[489,619];121;0;121;0
[489,620];121;0;121;0
[489,621];121;0;121;0
[489,622];121;0;121;0
[489,623];121;0;121;0
[489,624];121;0;121;0
[489,625];121;0;121;0
[489,626];121;0;121;0
[489,627];121;0;121;0
[489,628];121;0;121;0
[489,629];121;0;121;0
[489,630];121;0;121;0
[489,631];121;0;121;0
[489,632];121;0;121;0
[489,633];121;0;121;0
[489,634];121;0;121;0
[489,635];121;0;121;0
[489,636];121;0;121;0
[489,637];121;0;121;0
[489,638];121;0;121;0
[490,491];121;121;0;0
[490,492];121;121;0;0
[490,493];121;121;0;0
[490,494];121;121;0;0
[490,495];121;121;0;0
[490,496];121;121;0;0
[490,497];121;121;0;0
[490,498];121;121;0;0
[490,499];121;121;0;0
[490,500];121;121;0;0
[490,501];121;121;0;0
[490,502];121;121;0;0
[490,503];121;121;0;0
[490,504];121;121;0;0
[490,505];121;121;0;0
[490,506];121;121;0;0
[490,507];121;121;0;0
[490,508];121;121;0;0
[490,509];121;121;0;0
[490,510];121;121;0;0
[490,511];121;121;0;0
[490,512];121;121;0;0
[490,513];121;121;0;0
[490,514];121;121;0;0
[490,519];121;121;0;0
[490,609];121;121;0;0
[490,610];121;121;0;0
[490,611];121;121;0;0
[490,612];121;121;0;0
[490,613];121;121;0;0
[490,614];121;121;0;0
[490,615];121;121;0;0
[490,616];121;121;0;0
[490,617];121;121;0;0
[490,618];121;121;0;0
[490,619];121;121;0;0
[490,620];121;121;0;0
[490,621];121;121;0;0
[490,622];121;121;0;0
[490,623];121;121;0;0
[490,624];121;121;0;0
[490,625];121;121;0;0
[490,626];121;121;0;0
[490,627];121;121;0;0
[490,628];121;121;0;0
[490,629];121;121;0;0
[490,630];121;121;0;0
[490,631];121;121;0;0
[490,632];121;121;0;0
[490,633];121;121;0;0
[490,634];121;121;0;0
[490,635];121;121;0;0
[490,636];121;0;121;0
[490,637];121;0;121;0
[490,638];121;0;121;0
[491,492];121;121;0;0
[491,493];121;121;0;0
[491,494];121;121;0;0
[491,495];121;121;0;0
[491,496];121;121;0;0
[491,497];121;121;0;0
[491,498];121;121;0;0
[491,499];121;121;0;0
[491,500];121;121;0;0
[491,501];121;121;0;0
[491,502];121;121;0;0
[491,503];121;121;0;0
[491,504];121;121;0;0
[491,505];121;121;0;0
[491,506];121;121;0;0
[491,507];121;121;0;0
[491,508];121;121;0;0
[491,509];121;121;0;0
[491,510];121;121;0;0
[491,511];121;121;0;0
[491,512];121;121;0;0
[491,513];121;121;0;0
[491,514];121;121;0;0
[491,519];121;121;0;0
[491,609];121;121;0;0
[491,610];121;121;0;0
[491,611];121;121;0;0
[491,612];121;121;0;0
[491,613];121;121;0;0
[491,614];121;121;0;0
[491,615];121;121;0;0
[491,616];121;121;0;0
[491,617];121;121;0;0
[491,618];121;121;0;0
[491,619];121;121;0;0
[491,620];121;121;0;0
[491,621];121;121;0;0
[491,622];121;121;0;0
[491,623];121;121;0;0
[491,624];121;121;0;0
[491,625];121;121;0;0
[491,626];121;121;0;0
[491,627];121;121;0;0
[491,628];121;121;0;0
[491,629];121;121;0;0
[491,630];121;121;0;0
[491,631];121;121;0;0
[491,632];121;0;121;0
[491,633];121;0;121;0
[491,634];121;0;121;0
[491,635];121;0;121;0
[491,636];121;0;0;121
[491,637];121;121;0;0
[491,638];121;121;0;0
[492,493];121;121;0;0
[492,494];121;121;0;0
[492,495];121;121;0;0
[492,496];121;121;0;0
[492,497];121;121;0;0
[492,498];121;121;0;0
[492,499];121;121;0;0
[492,500];121;121;0;0
[492,501];121;121;0;0
[492,502];121;121;0;0
[492,503];121;121;0;0
[492,504];121;121;0;0
[492,505];121;121;0;0
[492,506];121;121;0;0
[492,507];121;121;0;0
[492,508];121;121;0;0
[492,509];121;121;0;0
[492,510];121;121;0;0
[492,511];121;121;0;0
[492,512];121;121;0;0
[492,513];121;121;0;0
[492,514];121;121;0;0
[492,519];121;121;0;0
[492,609];121;121;0;0
[492,610];121;121;0;0
[492,611];121;121;0;0
[492,612];121;121;0;0
[492,613];121;121;0;0
[492,614];121;121;0;0
[492,615];121;121;0;0
[492,616];121;121;0;0
[492,617];121;121;0;0
[492,618];121;121;0;0
[492,619];121;121;0;0
[492,620];121;121;0;0
[492,621];121;121;0;0
[492,622];121;121;0;0
[492,623];121;121;0;0
[492,624];121;121;0;0
[492,625];121;121;0;0
[492,626];121;121;0;0
[492,627];121;121;0;0
[492,628];121;0;121;0
[492,629];121;0;121;0
[492,630];121;0;121;0
[492,631];121;0;121;0
[492,632];121;0;0;121
[492,633];121;121;0;0
[492,634];121;121;0;0
[492,635];121;121;0;0
[492,636];121;0;0;121
[492,637];121;121;0;0
[492,638];121;121;0;0
[493,494];121;121;0;0
[493,495];121;121;0;0
[493,496];121;121;0;0
[493,497];121;121;0;0
[493,498];121;121;0;0
[493,499];121;121;0;0
[493,500];121;121;0;0
[493,501];121;121;0;0
[493,502];121;121;0;0
[493,503];121;121;0;0
[493,504];121;121;0;0
[493,505];121;121;0;0
[493,506];121;121;0;0
[493,507];121;121;0;0
[493,508];121;121;0;0
[493,509];121;121;0;0
[493,510];121;121;0;0
[493,511];121;121;0;0
[493,512];121;121;0;0
[493,513];121;121;0;0
[493,514];121;121;0;0
[493,515];24;24;0;0
[493,516];24;24;0;0
[493,518];24;24;0;0
[493,519];121;121;0;0
[493,520];24;24;0;0
[493,521];24;24;0;0
[493,609];121;121;0;0
[493,610];121;121;0;0
[493,611];121;121;0;0
[493,612];121;121;0;0
[493,613];121;121;0;0
[493,614];121;121;0;0
[493,615];121;121;0;0
[493,616];121;121;0;0
[493,617];121;121;0;0
[493,618];121;121;0;0
[493,619];121;121;0;0
[493,620];121;121;0;0
[493,621];121;121;0;0
[493,622];121;121;0;0
[493,623];121;121;0;0
[493,624];121;0;121;0
[493,625];121;0;121;0
[493,626];121;0;121;0
[493,627];121;0;121;0
[493,628];121;0;0;121
[493,629];121;121;0;0
[493,630];121;121;0;0
[493,631];121;121;0;0
[493,632];121;0;0;121
[493,633];121;121;0;0
[493,634];121;121;0;0
[493,635];121;121;0;0
[493,636];121;0;0;121
[493,637];121;121;0;0
[493,638];121;121;0;0
[494,495];121;121;0;0
[494,496];121;121;0;0
[494,497];121;121;0;0
[494,498];121;121;0;0
[494,499];121;121;0;0
[494,500];121;121;0;0
[494,501];121;121;0;0
[494,502];121;121;0;0
[494,503];121;121;0;0
[494,504];121;121;0;0
[494,505];121;121;0;0
[494,506];121;121;0;0
[494,507];121;121;0;0
[494,508];121;121;0;0
[494,509];121;121;0;0
[494,510];121;121;0;0
[494,511];121;121;0;0
[494,512];121;121;0;0
[494,513];121;121;0;0
[494,514];121;121;0;0
[494,519];121;121;0;0
[494,609];121;121;0;0
[494,610];121;121;0;0
[494,611];121;121;0;0
[494,612];121;121;0;0
[494,613];121;121;0;0
[494,614];121;121;0;0
[494,615];121;121;0;0
[494,616];121;121;0;0
[494,617];121;121;0;0
[494,618];121;121;0;0
[494,619];121;121;0;0
[494,620];121;0;121;0
[494,621];121;0;121;0
[494,622];121;0;121;0
[494,623];121;0;121;0
[494,624];121;0;0;121
[494,625];121;121;0;0
[494,626];121;121;0;0
[494,627];121;121;0;0
[494,628];121;0;0;121
[494,629];121;121;0;0
[494,630];121;121;0;0
[494,631];121;121;0;0
[494,632];121;0;0;121
[494,633];121;121;0;0
[494,634];121;121;0;0
[494,635];121;121;0;0
[494,636];121;0;0;121
[494,637];121;121;0;0
[494,638];121;121;0;0
[495,496];121;121;0;0
[495,497];121;121;0;0
[495,498];121;121;0;0
[495,499];121;121;0;0
[495,500];121;121;0;0
[495,501];121;121;0;0
[495,502];121;121;0;0
[495,503];121;121;0;0
[495,504];121;121;0;0
[495,505];121;121;0;0
[495,506];121;121;0;0
[495,507];121;121;0;0
[495,508];121;121;0;0
[495,509];121;121;0;0
[495,510];121;121;0;0
[495,511];121;121;0;0
[495,512];121;121;0;0
[495,513];121;121;0;0
[495,514];121;121;0;0
[495,515];24;24;0;0
[495,516];24;24;0;0
[495,518];24;24;0;0
[495,519];121;121;0;0
[495,520];24;24;0;0
[495,521];24;24;0;0
[495,609];121;121;0;0
[495,610];121;121;0;0
[495,611];121;121;0;0
[495,612];121;121;0;0
[495,613];121;121;0;0
[495,614];121;121;0;0
[495,615];121;121;0;0
[495,616];121;0;121;0
[495,617];121;0;121;0
[495,618];121;0;121;0
[495,619];121;0;121;0
[495,620];121;0;0;121
[495,621];121;121;0;0
[495,622];121;121;0;0
[495,623];121;121;0;0
[495,624];121;0;0;121
[495,625];121;121;0;0
[495,626];121;121;0;0
[495,627];121;121;0;0
[495,628];121;0;0;121
[495,629];121;121;0;0
[495,630];121;121;0;0
[495,631];121;121;0;0
[495,632];121;0;0;121
[495,633];121;121;0;0
[495,634];121;121;0;0
[495,635];121;121;0;0
[495,636];121;0;0;121
[495,637];121;121;0;0
[495,638];121;121;0;0
[496,497];121;121;0;0
[496,498];121;121;0;0
[496,499];121;121;0;0
[496,500];121;121;0;0
[496,501];121;121;0;0
[496,502];121;121;0;0
[496,503];121;121;0;0
[496,504];121;121;0;0
[496,505];121;121;0;0
[496,506];121;121;0;0
[496,507];121;121;0;0
[496,508];121;121;0;0
[496,509];121;121;0;0
[496,510];121;121;0;0
[496,511];121;121;0;0
[496,512];121;121;0;0
[496,513];121;121;0;0
[496,514];121;121;0;0
[496,515];24;24;0;0
[496,516];24;24;0;0
[496,518];24;24;0;0
[496,519];121;121;0;0
[496,520];24;24;0;0
[496,521];24;24;0;0
[496,609];121;121;0;0
[496,610];121;121;0;0
[496,611];121;121;0;0
[496,612];121;0;121;0
[496,613];121;0;121;0
[496,614];121;0;121;0
[496,615];121;0;121;0
[496,616];121;0;0;121
[496,617];121;121;0;0
[496,618];121;121;0;0
[496,619];121;121;0;0
[496,620];121;0;0;121
[496,621];121;121;0;0
[496,622];121;121;0;0
[496,623];121;121;0;0
[496,624];121;0;0;121
[496,625];121;121;0;0
[496,626];121;121;0;0
[496,627];121;121;0;0
[496,628];121;0;0;121
[496,629];121;121;0;0
[496,630];121;121;0;0
[496,631];121;121;0;0
[496,632];121;0;0;121
[496,633];121;121;0;0
[496,634];121;121;0;0
[496,635];121;121;0;0
[496,636];121;0;0;121
[496,637];121;121;0;0
[496,638];121;121;0;0
[497,498];121;121;0;0
[497,499];121;121;0;0
[497,500];121;121;0;0
[497,501];121;121;0;0
[497,502];121;121;0;0
[497,503];121;121;0;0
[497,504];121;121;0;0
[497,505];121;121;0;0
[497,506];121;121;0;0
[497,507];121;121;0;0
[497,508];121;121;0;0
[497,509];121;121;0;0
[497,510];121;121;0;0
[497,511];121;121;0;0
[497,512];121;121;0;0
[497,513];121;121;0;0
[497,514];121;121;0;0
[497,515];24;24;0;0
[497,516];24;24;0;0
[497,518];24;24;0;0
[497,519];121;121;0;0
[497,520];24;24;0;0
[497,521];24;24;0;0
[497,609];121;0;121;0
[497,610];121;0;121;0
[497,611];121;0;121;0
[497,612];121;0;0;121
[497,613];121;121;0;0
[497,614];121;121;0;0
[497,615];121;121;0;0
[497,616];121;0;0;121
[497,617];121;121;0;0
[497,618];121;121;0;0
[497,619];121;121;0;0
[497,620];121;0;0;121
[497,621];121;121;0;0
[497,622];121;121;0;0
[497,623];121;121;0;0
[497,624];121;0;0;121
[497,625];121;121;0;0
[497,626];121;121;0;0
[497,627];121;121;0;0
[497,628];121;0;0;121
[497,629];121;121;0;0
[497,630];121;121;0;0
[497,631];121;121;0;0
[497,632];121;0;0;121
[497,633];121;121;0;0
[497,634];121;121;0;0
[497,635];121;121;0;0
[497,636];121;0;0;121
[497,637];121;121;0;0
[497,638];121;121;0;0
[498,499];121;121;0;0
[498,500];121;121;0;0
[498,501];121;121;0;0
[498,502];121;121;0;0
[498,503];121;121;0;0
[498,504];121;121;0;0
[498,505];121;121;0;0
[498,506];121;121;0;0
[498,507];121;121;0;0
[498,508];121;121;0;0
[498,509];121;121;0;0
[498,510];121;121;0;0
[498,511];121;121;0;0
[498,512];121;121;0;0
[498,513];121;121;0;0
[498,514];121;121;0;0
[498,515];24;24;0;0
[498,516];24;24;0;0
[498,518];24;24;0;0
[498,519];121;121;0;0
[498,520];24;24;0;0
[498,521];24;24;0;0
[498,609];121;0;0;121
[498,610];121;121;0;0
[498,611];121;121;0;0
[498,612];121;0;0;121
[498,613];121;121;0;0
[498,614];121;121;0;0
[498,615];121;121;0;0
[498,616];121;0;0;121
[498,617];121;121;0;0
[498,618];121;121;0;0
[498,619];121;121;0;0
[498,620];121;0;0;121
[498,621];121;121;0;0
[498,622];121;121;0;0
[498,623];121;121;0;0
[498,624];121;0;0;121
[498,625];121;121;0;0
[498,626];121;121;0;0
[498,627];121;121;0;0
[498,628];121;0;0;121
[498,629];121;121;0;0
[498,630];121;121;0;0
[498,631];121;121;0;0
[498,632];121;0;0;121
[498,633];121;121;0;0
[498,634];121;121;0;0
[498,635];121;121;0;0
[498,636];121;0;0;121
[498,637];121;121;0;0
[498,638];121;121;0;0
[499,500];121;121;0;0
[499,501];121;121;0;0
[499,502];121;121;0;0
[499,503];121;121;0;0
[499,504];121;121;0;0
[499,505];121;121;0;0
[499,506];121;121;0;0
[499,507];121;121;0;0
[499,508];121;121;0;0
[499,509];121;121;0;0
[499,510];121;121;0;0
[499,511];121;121;0;0
[499,512];121;121;0;0
[499,513];121;121;0;0
[499,514];121;121;0;0
[499,515];24;24;0;0
[499,516];24;24;0;0
[499,518];24;24;0;0
[499,519];121;121;0;0
[499,520];24;24;0;0
[499,521];24;24;0;0
[499,609];121;0;0;121
[499,610];121;121;0;0
[499,611];121;121;0;0
[499,612];121;0;0;121
[499,613];121;121;0;0
[499,614];121;121;0;0
[499,615];121;121;0;0
[499,616];121;0;0;121
[499,617];121;121;0;0
[499,618];121;121;0;0
[499,619];121;121;0;0
[499,620];121;0;0;121
[499,621];121;121;0;0
[499,622];121;121;0;0
[499,623];121;121;0;0
[499,624];121;0;0;121
[499,625];121;121;0;0
[499,626];121;121;0;0
[499,627];121;121;0;0
[499,628];121;0;0;121
[499,629];121;121;0;0
[499,630];121;121;0;0
[499,631];121;121;0;0
[499,632];121;0;0;121
[499,633];121;121;0;0
[499,634];121;121;0;0
[499,635];121;121;0;0
[499,636];121;0;0;121
[499,637];121;121;0;0
[499,638];121;121;0;0
[500,501];121;121;0;0
[500,502];121;121;0;0
[500,503];121;121;0;0
[500,504];121;121;0;0
[500,505];121;121;0;0
[500,506];121;121;0;0
[500,507];121;121;0;0
[500,508];121;121;0;0
[500,509];121;121;0;0
[500,510];121;121;0;0
[500,511];121;121;0;0
[500,512];121;121;0;0
[500,513];121;121;0;0
[500,514];121;121;0;0
[500,519];121;121;0;0
[500,609];121;0;0;121
[500,610];121;121;0;0
[500,611];121;121;0;0
[500,612];121;0;0;121
[500,613];121;121;0;0
[500,614];121;121;0;0
[500,615];121;121;0;0
[500,616];121;0;0;121
[500,617];121;121;0;0
[500,618];121;121;0;0
[500,619];121;121;0;0
[500,620];121;0;0;121
[500,621];121;121;0;0
[500,622];121;121;0;0
[500,623];121;121;0;0
[500,624];121;0;0;121
[500,625];121;121;0;0
[500,626];121;121;0;0
[500,627];121;121;0;0
[500,628];121;0;0;121
[500,629];121;121;0;0
[500,630];121;121;0;0
[500,631];121;121;0;0
[500,632];121;0;0;121
[500,633];121;121;0;0
[500,634];121;121;0;0
[500,635];121;121;0;0
[500,636];121;0;0;121
[500,637];121;121;0;0
[500,638];121;121;0;0
[501,502];121;121;0;0
[501,503];121;121;0;0
[501,504];121;121;0;0
[501,505];121;121;0;0
[501,506];121;121;0;0
[501,507];121;121;0;0
[501,508];121;121;0;0
[501,509];121;121;0;0
[501,510];121;121;0;0
[501,511];121;121;0;0
[501,512];121;121;0;0
[501,513];121;121;0;0
[501,514];121;121;0;0
[501,515];24;24;0;0
[501,516];24;24;0;0
[501,518];24;24;0;0
[501,519];121;121;0;0
[501,520];24;24;0;0
[501,521];24;24;0;0
[501,609];121;0;0;121
[501,610];121;121;0;0
[501,611];121;121;0;0
[501,612];121;0;0;121
[501,613];121;121;0;0
[501,614];121;121;0;0
[501,615];121;121;0;0
[501,616];121;0;0;121
[501,617];121;121;0;0
[501,618];121;121;0;0
[501,619];121;121;0;0
[501,620];121;0;0;121
[501,621];121;121;0;0
[501,622];121;121;0;0
[501,623];121;121;0;0
[501,624];121;0;0;121
[501,625];121;121;0;0
[501,626];121;121;0;0
[501,627];121;121;0;0
[501,628];121;0;0;121
[501,629];121;121;0;0
[501,630];121;121;0;0
[501,631];121;121;0;0
[501,632];121;0;0;121
[501,633];121;121;0;0
[501,634];121;121;0;0
[501,635];121;121;0;0
[501,636];121;0;0;121
[501,637];121;121;0;0
[501,638];121;121;0;0
[502,503];121;121;0;0
[502,504];121;121;0;0
[502,505];121;121;0;0
[502,506];121;121;0;0
[502,507];121;121;0;0
[502,508];121;121;0;0
[502,509];121;121;0;0
[502,510];121;121;0;0
[502,511];121;121;0;0
[502,512];121;121;0;0
[502,513];121;121;0;0
[502,514];121;121;0;0
[502,519];121;121;0;0
[502,609];121;0;0;121
[502,610];121;121;0;0
[502,611];121;121;0;0
[502,612];121;0;0;121
[502,613];121;121;0;0
[502,614];121;121;0;0
[502,615];121;121;0;0
[502,616];121;0;0;121
[502,617];121;121;0;0
[502,618];121;121;0;0
[502,619];121;121;0;0
[502,620];121;0;0;121
[502,621];121;121;0;0
[502,622];121;121;0;0
[502,623];121;121;0;0
[502,624];121;0;0;121
[502,625];121;121;0;0
[502,626];121;121;0;0
[502,627];121;121;0;0
[502,628];121;0;0;121
[502,629];121;121;0;0
[502,630];121;121;0;0
[502,631];121;121;0;0
[502,632];121;0;0;121
[502,633];121;121;0;0
[502,634];121;121;0;0
[502,635];121;121;0;0
[502,636];121;0;0;121
[502,637];121;121;0;0
[502,638];121;121;0;0
[503,504];121;121;0;0
[503,505];121;121;0;0
[503,506];121;121;0;0
[503,507];121;121;0;0
[503,508];121;121;0;0
[503,509];121;121;0;0
[503,510];121;121;0;0
[503,511];121;121;0;0
[503,512];121;121;0;0
[503,513];121;121;0;0
[503,514];121;121;0;0
[503,519];121;121;0;0
[503,609];121;0;0;121
[503,610];121;121;0;0
[503,611];121;121;0;0
[503,612];121;0;0;121
[503,613];121;121;0;0
[503,614];121;121;0;0
[503,615];121;121;0;0
[503,616];121;0;0;121
[503,617];121;121;0;0
[503,618];121;121;0;0
[503,619];121;121;0;0
[503,620];121;0;0;121
[503,621];121;121;0;0
[503,622];121;121;0;0
[503,623];121;121;0;0
[503,624];121;0;0;121
[503,625];121;121;0;0
[503,626];121;121;0;0
[503,627];121;121;0;0
[503,628];121;0;0;121
[503,629];121;121;0;0
[503,630];121;121;0;0
[503,631];121;121;0;0
[503,632];121;0;0;121
[503,633];121;121;0;0
[503,634];121;121;0;0
[503,635];121;121;0;0
[503,636];121;0;0;121
[503,637];121;121;0;0
[503,638];121;121;0;0
[504,505];121;121;0;0
[504,506];121;121;0;0
[504,507];121;121;0;0
[504,508];121;121;0;0
[504,509];121;121;0;0
[504,510];121;121;0;0
[504,511];121;121;0;0
[504,512];121;121;0;0
[504,513];121;121;0;0
[504,514];121;121;0;0
[504,519];121;121;0;0
[504,609];121;0;0;121
[504,610];121;121;0;0
[504,611];121;121;0;0
[504,612];121;0;0;121
[504,613];121;121;0;0
[504,614];121;121;0;0
[504,615];121;121;0;0
[504,616];121;0;0;121
[504,617];121;121;0;0
[504,618];121;121;0;0
[504,619];121;121;0;0
[504,620];121;0;0;121
[504,621];121;121;0;0
[504,622];121;121;0;0
[504,623];121;121;0;0
[504,624];121;0;0;121
[504,625];121;121;0;0
[504,626];121;121;0;0
[504,627];121;121;0;0
[504,628];121;0;0;121
[504,629];121;121;0;0
[504,630];121;121;0;0
[504,631];121;121;0;0
[504,632];121;0;0;121
[504,633];121;121;0;0
[504,634];121;121;0;0
[504,635];121;121;0;0
[504,636];121;0;0;121
[504,637];121;121;0;0
[504,638];121;121;0;0
[505,506];121;121;0;0
[505,507];121;121;0;0
[505,508];121;121;0;0
[505,509];121;121;0;0
[505,510];121;121;0;0
[505,511];121;121;0;0
[505,512];121;121;0;0
[505,513];121;121;0;0
[505,514];121;121;0;0
[505,515];24;24;0;0
[505,516];24;24;0;0
[505,518];24;24;0;0
[505,519];121;121;0;0
[505,520];24;24;0;0
[505,521];24;24;0;0
[505,609];121;0;0;121
[505,610];121;121;0;0
[505,611];121;121;0;0
[505,612];121;0;0;121
[505,613];121;121;0;0
[505,614];121;121;0;0
[505,615];121;121;0;0
[505,616];121;0;0;121
[505,617];121;121;0;0
[505,618];121;121;0;0
[505,619];121;121;0;0
[505,620];121;0;0;121
[505,621];121;121;0;0
[505,622];121;121;0;0
[505,623];121;121;0;0
[505,624];121;0;0;121
[505,625];121;121;0;0
[505,626];121;121;0;0
[505,627];121;121;0;0
[505,628];121;0;0;121
[505,629];121;121;0;0
[505,630];121;121;0;0
[505,631];121;121;0;0
[505,632];121;0;0;121
[505,633];121;121;0;0
[505,634];121;121;0;0
[505,635];121;121;0;0
[505,636];121;0;0;121
[505,637];121;121;0;0
[505,638];121;121;0;0
[506,507];121;121;0;0
[506,508];121;121;0;0
[506,509];121;121;0;0
[506,510];121;121;0;0
[506,511];121;121;0;0
[506,512];121;121;0;0
[506,513];121;121;0;0
[506,514];121;121;0;0
[506,519];121;121;0;0
[506,609];121;0;0;121
[506,610];121;121;0;0
[506,611];121;121;0;0
[506,612];121;0;0;121
[506,613];121;121;0;0
[506,614];121;121;0;0
[506,615];121;121;0;0
[506,616];121;0;0;121
[506,617];121;121;0;0
[506,618];121;121;0;0
[506,619];121;121;0;0
[506,620];121;0;0;121
[506,621];121;121;0;0
[506,622];121;121;0;0
[506,623];121;121;0;0
[506,624];121;0;0;121
[506,625];121;121;0;0
[506,626];121;121;0;0
[506,627];121;121;0;0
[506,628];121;0;0;121
[506,629];121;121;0;0
[506,630];121;121;0;0
[506,631];121;121;0;0
[506,632];121;0;0;121
[506,633];121;121;0;0
[506,634];121;121;0;0
[506,635];121;121;0;0
[506,636];121;0;0;121
[506,637];121;121;0;0
[506,638];121;121;0;0
[507,508];121;121;0;0
[507,509];121;121;0;0
[507,510];121;121;0;0
[507,511];121;121;0;0
[507,512];121;121;0;0
[507,513];121;121;0;0
[507,514];121;121;0;0
[507,515];24;24;0;0
[507,516];24;24;0;0
[507,518];24;24;0;0
[507,519];121;121;0;0
[507,520];24;24;0;0
[507,521];24;24;0;0
[507,609];121;0;0;121
[507,610];121;121;0;0
[507,611];121;121;0;0
[507,612];121;0;0;121
[507,613];121;121;0;0
[507,614];121;121;0;0
[507,615];121;121;0;0
[507,616];121;0;0;121
[507,617];121;121;0;0
[507,618];121;121;0;0
[507,619];121;121;0;0
[507,620];121;0;0;121
[507,621];121;121;0;0
[507,622];121;121;0;0
[507,623];121;121;0;0
[507,624];121;0;0;121
[507,625];121;121;0;0
[507,626];121;121;0;0
[507,627];121;121;0;0
[507,628];121;0;0;121
[507,629];121;121;0;0
[507,630];121;121;0;0
[507,631];121;121;0;0
[507,632];121;0;0;121
[507,633];121;121;0;0
[507,634];121;121;0;0
[507,635];121;121;0;0
[507,636];121;0;0;121
[507,637];121;121;0;0
[507,638];121;121;0;0
[508,509];121;121;0;0
[508,510];121;121;0;0
[508,511];121;121;0;0
[508,512];121;121;0;0
[508,513];121;121;0;0
[508,514];121;121;0;0
[508,519];121;121;0;0
[508,609];121;0;0;121
[508,610];121;121;0;0
[508,611];121;121;0;0
[508,612];121;0;0;121
[508,613];121;121;0;0
[508,614];121;121;0;0
[508,615];121;121;0;0
[508,616];121;0;0;121
[508,617];121;121;0;0
[508,618];121;121;0;0
[508,619];121;121;0;0
[508,620];121;0;0;121
[508,621];121;121;0;0
[508,622];121;121;0;0
[508,623];121;121;0;0
[508,624];121;0;0;121
[508,625];121;121;0;0
[508,626];121;121;0;0
[508,627];121;121;0;0
[508,628];121;0;0;121
[508,629];121;121;0;0
[508,630];121;121;0;0
[508,631];121;121;0;0
[508,632];121;0;0;121
[508,633];121;121;0;0
[508,634];121;121;0;0
[508,635];121;121;0;0
[508,636];121;0;0;121
[508,637];121;121;0;0
[508,638];121;121;0;0
[509,510];121;121;0;0
[509,511];121;121;0;0
[509,512];121;121;0;0
[509,513];121;121;0;0
[509,514];121;121;0;0
[509,519];121;121;0;0
[509,609];121;0;0;121
[509,610];121;121;0;0
[509,611];121;121;0;0
[509,612];121;0;0;121
[509,613];121;121;0;0
[509,614];121;121;0;0
[509,615];121;121;0;0
[509,616];121;0;0;121
[509,617];121;121;0;0
[509,618];121;121;0;0
[509,619];121;121;0;0
[509,620];121;0;0;121
[509,621];121;121;0;0
[509,622];121;121;0;0
[509,623];121;121;0;0
[509,624];121;0;0;121
[509,625];121;121;0;0
[509,626];121;121;0;0
[509,627];121;121;0;0
[509,628];121;0;0;121
[509,629];121;121;0;0
[509,630];121;121;0;0
[509,631];121;121;0;0
[509,632];121;0;0;121
[509,633];121;121;0;0
[509,634];121;121;0;0
[509,635];121;121;0;0
[509,636];121;0;0;121
[509,637];121;121;0;0
[509,638];121;121;0;0
[510,511];121;121;0;0
[510,512];121;121;0;0
[510,513];121;121;0;0
[510,514];121;121;0;0
[510,519];121;121;0;0
[510,609];121;0;0;121
[510,610];121;121;0;0
[510,611];121;121;0;0
[510,612];121;0;0;121
[510,613];121;121;0;0
[510,614];121;121;0;0
[510,615];121;121;0;0
[510,616];121;0;0;121
[510,617];121;121;0;0
[510,618];121;121;0;0
[510,619];121;121;0;0
[510,620];121;0;0;121
[510,621];121;121;0;0
[510,622];121;121;0;0
[510,623];121;121;0;0
[510,624];121;0;0;121
[510,625];121;121;0;0
[510,626];121;121;0;0
[510,627];121;121;0;0
[510,628];121;0;0;121
[510,629];121;121;0;0
[510,630];121;121;0;0
[510,631];121;121;0;0
[510,632];121;0;0;121
[510,633];121;121;0;0
[510,634];121;121;0;0
[510,635];121;121;0;0
[510,636];121;0;0;121
[510,637];121;121;0;0
[510,638];121;121;0;0
[511,512];121;121;0;0
[511,513];121;121;0;0
[511,514];121;121;0;0
[511,515];24;24;0;0
[511,516];24;24;0;0
[511,518];24;24;0;0
[511,519];121;121;0;0
[511,520];24;24;0;0
[511,521];24;24;0;0
[511,609];121;0;0;121
[511,610];121;121;0;0
[511,611];121;121;0;0
[511,612];121;0;0;121
[511,613];121;121;0;0
[511,614];121;121;0;0
[511,615];121;121;0;0
[511,616];121;0;0;121
[511,617];121;121;0;0
[511,618];121;121;0;0
[511,619];121;121;0;0
[511,620];121;0;0;121
[511,621];121;121;0;0
[511,622];121;121;0;0
[511,623];121;121;0;0
[511,624];121;0;0;121
[511,625];121;121;0;0
[511,626];121;121;0;0
[511,627];121;121;0;0
[511,628];121;0;0;121
[511,629];121;121;0;0
[511,630];121;121;0;0
[511,631];121;121;0;0
[511,632];121;0;0;121
[511,633];121;121;0;0
[511,634];121;121;0;0
[511,635];121;121;0;0
[511,636];121;0;0;121
[511,637];121;121;0;0
[511,638];121;121;0;0
[512,513];121;121;0;0
[512,514];121;121;0;0
[512,519];121;121;0;0
[512,609];121;0;0;121
[512,610];121;121;0;0
[512,611];121;121;0;0
[512,612];121;0;0;121
[512,613];121;121;0;0
[512,614];121;121;0;0
[512,615];121;121;0;0
[512,616];121;0;0;121
[512,617];121;121;0;0
[512,618];121;121;0;0
[512,619];121;121;0;0
[512,620];121;0;0;121
[512,621];121;121;0;0
[512,622];121;121;0;0
[512,623];121;121;0;0
[512,624];121;0;0;121
[512,625];121;121;0;0
[512,626];121;121;0;0
[512,627];121;121;0;0
[512,628];121;0;0;121
[512,629];121;121;0;0
[512,630];121;121;0;0
[512,631];121;121;0;0
[512,632];121;0;0;121
[512,633];121;121;0;0
[512,634];121;121;0;0
[512,635];121;121;0;0
[512,636];121;0;0;121
[512,637];121;121;0;0
[512,638];121;121;0;0
[513,514];121;121;0;0
[513,515];24;24;0;0
[513,516];24;24;0;0
[513,518];24;24;0;0
[513,519];121;121;0;0
[513,520];24;24;0;0
[513,521];24;24;0;0
[513,609];121;0;0;121
[513,610];121;121;0;0
[513,611];121;121;0;0
[513,612];121;0;0;121
[513,613];121;121;0;0
[513,614];121;121;0;0
[513,615];121;121;0;0
[513,616];121;0;0;121
[513,617];121;121;0;0
[513,618];121;121;0;0
[513,619];121;121;0;0
[513,620];121;0;0;121
[513,621];121;121;0;0
[513,622];121;121;0;0
[513,623];121;121;0;0
[513,624];121;0;0;121
[513,625];121;121;0;0
[513,626];121;121;0;0
[513,627];121;121;0;0
[513,628];121;0;0;121
[513,629];121;121;0;0
[513,630];121;121;0;0
[513,631];121;121;0;0
[513,632];121;0;0;121
[513,633];121;121;0;0
[513,634];121;121;0;0
[513,635];121;121;0;0
[513,636];121;0;0;121
[513,637];121;121;0;0
[513,638];121;121;0;0
[514,515];24;24;0;0
[514,516];24;24;0;0
[514,518];24;24;0;0
[514,519];121;121;0;0
[514,520];24;24;0;0
[514,521];24;24;0;0
[514,609];121;0;0;121
[514,610];121;121;0;0
[514,611];121;121;0;0
[514,612];121;0;0;121
[514,613];121;121;0;0
[514,614];121;121;0;0
[514,615];121;121;0;0
[514,616];121;0;0;121
[514,617];121;121;0;0
[514,618];121;121;0;0
[514,619];121;121;0;0
[514,620];121;0;0;121
[514,621];121;121;0;0
[514,622];121;121;0;0
[514,623];121;121;0;0
[514,624];121;0;0;121
[514,625];121;121;0;0
[514,626];121;121;0;0
[514,627];121;121;0;0
[514,628];121;0;0;121
[514,629];121;121;0;0
[514,630];121;121;0;0
[514,631];121;121;0;0
[514,632];121;0;0;121
[514,633];121;121;0;0
[514,634];121;121;0;0
[514,635];121;121;0;0
[514,636];121;0;0;121
[514,637];121;121;0;0
[514,638];121;121;0;0
[515,516];24;0;0;24
[515,518];24;0;0;24
[515,519];24;24;0;0
[515,520];24;0;0;24
[515,610];24;24;0;0
[515,611];24;24;0;0
[515,613];24;24;0;0
[515,614];24;24;0;0
[515,615];24;24;0;0
[515,617];24;24;0;0
[515,618];24;24;0;0
[515,619];24;24;0;0
[515,621];24;24;0;0
[515,625];24;24;0;0
[515,626];24;24;0;0
[515,627];24;24;0;0
[515,631];24;24;0;0
[515,634];24;24;0;0
[515,635];24;24;0;0
[515,794];24;0;24;0
[516,610];24;24;0;0
[516,611];24;24;0;0
[516,613];24;24;0;0
[516,614];24;24;0;0
[516,615];24;24;0;0
[516,617];24;24;0;0
[516,618];24;24;0;0
[516,619];24;24;0;0
[516,621];24;24;0;0
[516,625];24;24;0;0
[516,626];24;24;0;0
[516,627];24;24;0;0
[516,631];24;24;0;0
[516,634];24;24;0;0
[516,635];24;24;0;0
[516,794];24;0;24;0
[518,610];24;24;0;0
[518,611];24;24;0;0
[518,613];24;24;0;0
[518,614];24;24;0;0
[518,615];24;24;0;0
[518,617];24;24;0;0
[518,618];24;24;0;0
[518,619];24;24;0;0
[518,621];24;24;0;0
[518,625];24;24;0;0
[518,626];24;24;0;0
[518,627];24;24;0;0
[518,631];24;24;0;0
[518,634];24;24;0;0
[518,635];24;24;0;0
[518,794];24;0;24;0
[519,609];121;0;0;121
[519,610];121;121;0;0
[519,611];121;121;0;0
[519,612];121;0;0;121
[519,613];121;121;0;0
[519,614];121;121;0;0
[519,615];121;121;0;0
[519,616];121;0;0;121
[519,617];121;121;0;0
[519,618];121;121;0;0
[519,619];121;121;0;0
[519,620];121;0;0;121
[519,621];121;121;0;0
[519,622];121;121;0;0
[519,623];121;121;0;0
[519,624];121;0;0;121
[519,625];121;121;0;0
[519,626];121;121;0;0
[519,627];121;121;0;0
[519,628];121;0;0;121
[519,629];121;121;0;0
[519,630];121;121;0;0
[519,631];121;121;0;0
[519,632];121;0;0;121
[519,633];121;121;0;0
[519,634];121;121;0;0
[519,635];121;121;0;0
[519,636];121;0;0;121
[519,637];121;121;0;0
[519,638];121;121;0;0
[520,610];24;24;0;0
[520,611];24;24;0;0
[520,613];24;24;0;0
[520,614];24;24;0;0
[520,615];24;24;0;0
[520,617];24;24;0;0
[520,618];24;24;0;0
[520,619];24;24;0;0
[520,621];24;24;0;0
[520,625];24;24;0;0
[520,626];24;24;0;0
[520,627];24;24;0;0
[520,631];24;24;0;0
[520,634];24;24;0;0
[520,635];24;24;0;0
[520,794];24;0;24;0
[521,610];24;24;0;0
[521,611];24;24;0;0
[521,613];24;24;0;0
[521,614];24;24;0;0
[521,615];24;24;0;0
[521,617];24;24;0;0
[521,618];24;24;0;0
[521,619];24;24;0;0
[521,621];24;24;0;0
[521,625];24;24;0;0
[521,626];24;24;0;0
[521,627];24;24;0;0
[521,631];24;24;0;0
[521,634];24;24;0;0
[521,635];24;24;0;0
[521,794];24;0;24;0
[522,539];104;103;1;0
[522,540];104;103;1;0
[522,542];104;103;1;0
[522,556];104;104;0;0
[522,772];104;104;0;0
[533,534];1;1;0;0
[533,536];1;1;0;0
[533,537];1;1;0;0
[534,536];1;1;0;0
[534,537];1;1;0;0
[535,723];3;3;0;0
[536,537];1;1;0;0
[539,556];104;103;0;1
[539,772];104;104;0;0
[540,556];104;103;0;1
[540,772];104;104;0;0
[542,556];104;103;0;1
[542,772];104;104;0;0
[546,548];88;0;0;88
[546,773];103;0;103;0
[547,548];88;88;0;0
[547,551];88;88;0;0
[547,552];88;88;0;0
[547,553];88;88;0;0
[547,555];88;88;0;0
[547,557];88;88;0;0
[547,558];88;88;0;0
[548,551];88;0;88;0
[548,552];88;88;0;0
[548,553];88;88;0;0
[548,555];88;88;0;0
[548,557];88;88;0;0
[548,558];88;88;0;0
[549,772];81;81;0;0
[549,776];81;0;81;0
[551,553];88;0;0;88
[551,555];88;0;0;88
[551,557];88;0;0;88
[552,553];88;0;0;88
[552,555];88;0;0;88
[552,556];88;88;0;0
[552,557];88;0;0;88
[556,772];104;104;0;0
[566,568];2;0;0;2
[566,570];2;0;0;2
[566,571];2;2;0;0
[566,572];2;0;0;2
[566,575];2;2;0;0
[566,577];2;2;0;0
[566,578];2;2;0;0
[566,583];2;2;0;0
[566,586];2;2;0;0
[566,587];2;2;0;0
[566,588];1;1;0;0
[566,589];2;2;0;0
[566,590];2;2;0;0
[566,592];2;2;0;0
[566,593];2;2;0;0
[566,594];2;2;0;0
[566,595];2;2;0;0
[566,597];2;2;0;0
[566,601];2;0;2;0
[566,602];2;2;0;0
[566,604];1;0;0;1
[567,568];2;0;0;2
[567,570];2;0;0;2
[567,571];2;2;0;0
[567,572];2;0;0;2
[567,575];2;2;0;0
[567,577];2;2;0;0
[567,578];2;2;0;0
[567,583];2;2;0;0
[567,586];2;2;0;0
[567,587];2;2;0;0
[567,588];1;1;0;0
[567,589];2;2;0;0
[567,590];2;2;0;0
[567,592];2;2;0;0
[567,593];2;2;0;0
[567,594];2;2;0;0
[567,595];2;2;0;0
[567,597];2;2;0;0
[567,601];2;0;2;0
[567,602];2;2;0;0
[567,604];1;0;0;1
[568,575];2;2;0;0
[568,577];2;2;0;0
[568,578];2;2;0;0
[568,583];2;2;0;0
[568,586];2;2;0;0
[568,587];2;2;0;0
[568,588];1;1;0;0
[568,589];2;2;0;0
[568,590];2;2;0;0
[568,592];2;2;0;0
[568,593];2;2;0;0
[568,594];2;2;0;0
[568,595];2;2;0;0
[568,597];2;2;0;0
[568,601];2;0;2;0
[568,602];2;2;0;0
[568,604];1;0;0;1
[570,575];2;2;0;0
[570,577];2;2;0;0
[570,578];2;2;0;0
[570,583];2;2;0;0
[570,586];2;2;0;0
[570,587];2;2;0;0
[570,588];1;1;0;0
[570,589];2;2;0;0
[570,590];2;2;0;0
[570,592];2;2;0;0
[570,593];2;2;0;0
[570,594];2;2;0;0
[570,595];2;2;0;0
[570,597];2;2;0;0
[570,601];2;0;2;0
[570,602];2;2;0;0
[570,604];1;0;0;1
[571,575];2;0;2;0
[571,577];2;0;2;0
[571,578];2;0;2;0
[571,580];2;0;2;0
[571,581];2;0;2;0
[571,583];2;0;2;0
[571,586];2;0;2;0
[571,587];2;0;2;0
[571,589];2;0;2;0
[571,590];2;0;2;0
[571,592];2;0;2;0
[571,593];2;0;2;0
[571,594];2;0;2;0
[571,595];2;0;2;0
[571,596];2;0;2;0
[571,597];2;0;2;0
[571,598];2;0;2;0
[571,601];2;0;2;0
[571,602];2;0;2;0
[571,604];1;0;0;1
[572,575];2;2;0;0
[572,577];2;2;0;0
[572,578];2;2;0;0
[572,583];2;2;0;0
[572,586];2;2;0;0
[572,587];2;2;0;0
[572,588];1;1;0;0
[572,589];2;2;0;0
[572,590];2;2;0;0
[572,592];2;2;0;0
[572,593];2;2;0;0
[572,594];2;2;0;0
[572,595];2;2;0;0
[572,597];2;2;0;0
[572,601];2;0;2;0
[572,602];2;2;0;0
[572,604];1;0;0;1
[573,575];2;2;0;0
[573,577];2;2;0;0
[573,578];2;2;0;0
[573,583];2;2;0;0
[573,586];2;2;0;0
[573,587];2;2;0;0
[573,588];1;1;0;0
[573,589];2;2;0;0
[573,590];2;2;0;0
[573,592];2;2;0;0
[573,593];2;2;0;0
[573,594];2;2;0;0
[573,595];2;2;0;0
[573,597];2;2;0;0
[573,601];2;0;2;0
[573,602];2;2;0;0
[573,604];1;0;0;1
[575,580];2;2;0;0
[575,581];2;2;0;0
[575,583];2;2;0;0
[575,586];2;0;2;0
[575,587];2;0;2;0
[575,590];2;0;0;2
[575,592];2;0;0;2
[575,593];2;2;0;0
[575,594];2;0;0;2
[575,596];2;2;0;0
[575,597];2;2;0;0
[575,598];2;2;0;0
[575,601];2;0;2;0
[575,602];2;2;0;0
[575,604];1;0;0;1
[576,580];1;0;1;0
[576,581];1;0;1;0
[576,583];1;0;1;0
[576,588];1;1;0;0
[576,604];1;0;0;1
[577,580];2;2;0;0
[577,581];2;2;0;0
[577,583];2;2;0;0
[577,586];2;0;2;0
[577,587];2;0;2;0
[577,590];2;0;0;2
[577,592];2;0;0;2
[577,593];2;2;0;0
[577,594];2;0;0;2
[577,596];2;2;0;0
[577,597];2;2;0;0
[577,598];2;2;0;0
[577,601];2;0;2;0
[577,602];2;2;0;0
[577,604];1;0;0;1
[578,580];2;2;0;0
[578,581];2;2;0;0
[578,583];2;2;0;0
[578,586];2;0;2;0
[578,587];2;0;2;0
[578,590];2;0;0;2
[578,592];2;0;0;2
[578,593];2;2;0;0
[578,594];2;0;0;2
[578,596];2;2;0;0
[578,597];2;2;0;0
[578,598];2;2;0;0
[578,601];2;0;2;0
[578,602];2;2;0;0
[578,604];1;0;0;1
[580,586];2;2;0;0
[580,587];2;2;0;0
[580,588];1;0;0;1
[580,590];2;0;0;2
[580,592];2;0;0;2
[580,593];2;1;0;1
[580,594];2;0;0;2
[580,597];2;2;0;0
[580,601];2;2;0;0
[580,602];2;2;0;0
[580,604];1;0;0;1
[581,586];2;2;0;0
[581,587];2;2;0;0
[581,588];1;0;0;1
[581,590];2;0;0;2
[581,592];2;0;0;2
[581,593];2;1;0;1
[581,594];2;0;0;2
[581,597];2;2;0;0
[581,601];2;2;0;0
[581,602];2;2;0;0
[581,604];1;0;0;1
[583,586];2;2;0;0
[583,587];2;2;0;0
[583,588];1;0;0;1
[583,590];2;0;0;2
[583,592];2;0;0;2
[583,593];2;1;0;1
[583,594];2;0;0;2
[583,597];2;2;0;0
[583,601];2;2;0;0
[583,602];2;2;0;0
[583,604];1;0;0;1
[586,587];1;1;0;0
[586,590];2;0;0;2
[586,592];2;0;0;2
[586,593];2;2;0;0
[586,594];2;0;0;2
[586,596];1;1;0;0
[586,597];2;2;0;0
[586,598];1;1;0;0
[586,601];2;1;1;0
[586,602];2;2;0;0
[586,604];1;0;0;1
[587,590];2;0;0;2
[587,592];2;0;0;2
[587,593];2;2;0;0
[587,594];2;0;0;2
[587,596];2;2;0;0
[587,597];2;2;0;0
[587,598];2;2;0;0
[587,601];2;1;1;0
[587,602];2;2;0;0
[587,604];1;0;0;1
[588,604];1;0;0;1
[589,590];2;0;0;2
[589,592];2;0;0;2
[589,593];2;2;0;0
[589,594];2;0;0;2
[589,596];2;2;0;0
[589,597];2;2;0;0
[589,598];2;2;0;0
[589,601];2;0;2;0
[589,602];2;2;0;0
[589,604];1;0;0;1
[590,596];2;2;0;0
[590,597];2;2;0;0
[590,598];2;2;0;0
[590,601];2;0;2;0
[590,602];2;2;0;0
[590,604];1;0;0;1
[592,596];2;2;0;0
[592,597];2;2;0;0
[592,598];2;2;0;0
[592,601];2;0;2;0
[592,602];2;2;0;0
[592,604];1;0;0;1
[593,596];2;0;2;0
[593,597];2;0;2;0
[593,598];2;0;2;0
[593,601];2;0;2;0
[593,602];2;0;2;0
[593,604];1;0;0;1
[594,596];2;2;0;0
[594,597];2;2;0;0
[594,598];2;2;0;0
[594,601];2;0;2;0
[594,602];2;2;0;0
[594,604];1;0;0;1
[595,596];2;2;0;0
[595,597];2;2;0;0
[595,598];2;2;0;0
[595,601];2;0;2;0
[595,602];2;2;0;0
[595,604];1;0;0;1
[596,601];2;1;1;0
[596,604];1;0;0;1
[597,601];2;0;2;0
[597,604];1;0;0;1
[598,601];2;1;1;0
[598,604];1;0;0;1
[601,604];1;0;0;1
[602,604];1;0;0;1
[609,610];121;121;0;0
[609,611];121;0;121;0
[609,612];121;0;0;121
[609,613];121;121;0;0
[609,614];121;121;0;0
[609,615];121;121;0;0
[609,616];121;0;0;121
[609,617];121;121;0;0
[609,618];121;121;0;0
[609,619];121;121;0;0
[609,620];121;0;0;121
[609,621];121;121;0;0
[609,622];121;121;0;0
[609,623];121;121;0;0
[609,624];121;0;0;121
[609,625];121;121;0;0
[609,626];121;121;0;0
[609,627];121;121;0;0
[609,628];121;0;0;121
[609,629];121;121;0;0
[609,630];121;121;0;0
[609,631];121;121;0;0
[609,632];121;0;0;121
[609,633];121;121;0;0
[609,634];121;121;0;0
[609,635];121;121;0;0
[609,636];121;0;0;121
[609,637];121;121;0;0
[609,638];121;121;0;0
[610,611];121;121;0;0
[610,612];121;0;0;121
[610,613];121;121;0;0
[610,614];121;121;0;0
[610,615];121;121;0;0
[610,616];121;0;0;121
[610,617];121;121;0;0
[610,618];121;121;0;0
[610,619];121;121;0;0
[610,620];121;0;0;121
[610,621];121;121;0;0
[610,622];121;121;0;0
[610,623];121;121;0;0
[610,624];121;0;0;121
[610,625];121;121;0;0
[610,626];121;121;0;0
[610,627];121;121;0;0
[610,628];121;0;0;121
[610,629];121;121;0;0
[610,630];121;121;0;0
[610,631];121;121;0;0
[610,632];121;0;0;121
[610,633];121;121;0;0
[610,634];121;121;0;0
[610,635];121;121;0;0
[610,636];121;0;0;121
[610,637];121;121;0;0
[610,638];121;121;0;0
[611,612];121;0;0;121
[611,613];121;121;0;0
[611,614];121;121;0;0
[611,615];121;121;0;0
[611,616];121;0;0;121
[611,617];121;121;0;0
[611,618];121;121;0;0
[611,619];121;121;0;0
[611,620];121;0;0;121
[611,621];121;121;0;0
[611,622];121;121;0;0
[611,623];121;121;0;0
[611,624];121;0;0;121
[611,625];121;121;0;0
[611,626];121;121;0;0
[611,627];121;121;0;0
[611,628];121;0;0;121
[611,629];121;121;0;0
[611,630];121;121;0;0
[611,631];121;121;0;0
[611,632];121;0;0;121
[611,633];121;121;0;0
[611,634];121;121;0;0
[611,635];121;121;0;0
[611,636];121;0;0;121
[611,637];121;121;0;0
[611,638];121;121;0;0
[612,613];121;121;0;0
[612,614];121;0;121;0
[612,615];121;0;121;0
[612,616];121;0;0;121
[612,617];121;121;0;0
[612,618];121;121;0;0
[612,619];121;121;0;0
[612,620];121;0;0;121
[612,621];121;121;0;0
[612,622];121;121;0;0
[612,623];121;121;0;0
[612,624];121;0;0;121
[612,625];121;121;0;0
[612,626];121;121;0;0
[612,627];121;121;0;0
[612,628];121;0;0;121
[612,629];121;121;0;0
[612,630];121;121;0;0
[612,631];121;121;0;0
[612,632];121;0;0;121
[612,633];121;121;0;0
[612,634];121;121;0;0
[612,635];121;121;0;0
[612,636];121;0;0;121
[612,637];121;121;0;0
[612,638];121;121;0;0
[613,614];121;121;0;0
[613,615];121;121;0;0
[613,616];121;0;0;121
[613,617];121;121;0;0
[613,618];121;121;0;0
[613,619];121;121;0;0
[613,620];121;0;0;121
[613,621];121;121;0;0
[613,622];121;121;0;0
[613,623];121;121;0;0
[613,624];121;0;0;121
[613,625];121;121;0;0
[613,626];121;121;0;0
[613,627];121;121;0;0
[613,628];121;0;0;121
[613,629];121;121;0;0
[613,630];121;121;0;0
[613,631];121;121;0;0
[613,632];121;0;0;121
[613,633];121;121;0;0
[613,634];121;121;0;0
[613,635];121;121;0;0
[613,636];121;0;0;121
[613,637];121;121;0;0
[613,638];121;121;0;0
[614,615];121;121;0;0
[614,616];121;0;0;121
[614,617];121;121;0;0
[614,618];121;121;0;0
[614,619];121;121;0;0
[614,620];121;0;0;121
[614,621];121;121;0;0
[614,622];121;121;0;0
[614,623];121;121;0;0
[614,624];121;0;0;121
[614,625];121;121;0;0
[614,626];121;121;0;0
[614,627];121;121;0;0
[614,628];121;0;0;121
[614,629];121;121;0;0
[614,630];121;121;0;0
[614,631];121;121;0;0
[614,632];121;0;0;121
[614,633];121;121;0;0
[614,634];121;121;0;0
[614,635];121;121;0;0
[614,636];121;0;0;121
[614,637];121;121;0;0
[614,638];121;121;0;0
[615,616];121;0;0;121
[615,617];121;121;0;0
[615,618];121;121;0;0
[615,619];121;121;0;0
[615,620];121;0;0;121
[615,621];121;121;0;0
[615,622];121;121;0;0
[615,623];121;121;0;0
[615,624];121;0;0;121
[615,625];121;121;0;0
[615,626];121;121;0;0
[615,627];121;121;0;0
[615,628];121;0;0;121
[615,629];121;121;0;0
[615,630];121;121;0;0
[615,631];121;121;0;0
[615,632];121;0;0;121
[615,633];121;121;0;0
[615,634];121;121;0;0
[615,635];121;121;0;0
[615,636];121;0;0;121
[615,637];121;121;0;0
[615,638];121;121;0;0
[616,617];121;121;0;0
[616,618];121;0;121;0
[616,619];121;0;121;0
[616,620];121;0;0;121
[616,621];121;121;0;0
[616,622];121;121;0;0
[616,623];121;121;0;0
[616,624];121;0;0;121
[616,625];121;121;0;0
[616,626];121;121;0;0
[616,627];121;121;0;0
[616,628];121;0;0;121
[616,629];121;121;0;0
[616,630];121;121;0;0
[616,631];121;121;0;0
[616,632];121;0;0;121
[616,633];121;121;0;0
[616,634];121;121;0;0
[616,635];121;121;0;0
[616,636];121;0;0;121
[616,637];121;121;0;0
[616,638];121;121;0;0
[617,618];121;121;0;0
[617,619];121;121;0;0
[617,620];121;0;0;121
[617,621];121;121;0;0
[617,622];121;121;0;0
[617,623];121;121;0;0
[617,624];121;0;0;121
[617,625];121;121;0;0
[617,626];121;121;0;0
[617,627];121;121;0;0
[617,628];121;0;0;121
[617,629];121;121;0;0
[617,630];121;121;0;0
[617,631];121;121;0;0
[617,632];121;0;0;121
[617,633];121;121;0;0
[617,634];121;121;0;0
[617,635];121;121;0;0
[617,636];121;0;0;121
[617,637];121;121;0;0
[617,638];121;121;0;0
[618,619];121;121;0;0
[618,620];121;0;0;121
[618,621];121;121;0;0
[618,622];121;121;0;0
[618,623];121;121;0;0
[618,624];121;0;0;121
[618,625];121;121;0;0
[618,626];121;121;0;0
[618,627];121;121;0;0
[618,628];121;0;0;121
[618,629];121;121;0;0
[618,630];121;121;0;0
[618,631];121;121;0;0
[618,632];121;0;0;121
[618,633];121;121;0;0
[618,634];121;121;0;0
[618,635];121;121;0;0
[618,636];121;0;0;121
[618,637];121;121;0;0
[618,638];121;121;0;0
[619,620];121;0;0;121
[619,621];121;121;0;0
[619,622];121;121;0;0
[619,623];121;121;0;0
[619,624];121;0;0;121
[619,625];121;121;0;0
[619,626];121;121;0;0
[619,627];121;121;0;0
[619,628];121;0;0;121
[619,629];121;121;0;0
[619,630];121;121;0;0
[619,631];121;121;0;0
[619,632];121;0;0;121
[619,633];121;121;0;0
[619,634];121;121;0;0
[619,635];121;121;0;0
[619,636];121;0;0;121
[619,637];121;121;0;0
[619,638];121;121;0;0
[620,621];121;121;0;0
[620,622];121;0;121;0
[620,623];121;0;121;0
[620,624];121;0;0;121
[620,625];121;121;0;0
[620,626];121;121;0;0
[620,627];121;121;0;0
[620,628];121;0;0;121
[620,629];121;121;0;0
[620,630];121;121;0;0
[620,631];121;121;0;0
[620,632];121;0;0;121
[620,633];121;121;0;0
[620,634];121;121;0;0
[620,635];121;121;0;0
[620,636];121;0;0;121
[620,637];121;121;0;0
[620,638];121;121;0;0
[621,622];121;121;0;0
[621,623];121;121;0;0
[621,624];121;0;0;121
[621,625];121;121;0;0
[621,626];121;121;0;0
[621,627];121;121;0;0
[621,628];121;0;0;121
[621,629];121;121;0;0
[621,630];121;121;0;0
[621,631];121;121;0;0
[621,632];121;0;0;121
[621,633];121;121;0;0
[621,634];121;121;0;0
[621,635];121;121;0;0
[621,636];121;0;0;121
[621,637];121;121;0;0
[621,638];121;121;0;0
[622,623];121;121;0;0
[622,624];121;0;0;121
[622,625];121;121;0;0
[622,626];121;121;0;0
[622,627];121;121;0;0
[622,628];121;0;0;121
[622,629];121;121;0;0
[622,630];121;121;0;0
[622,631];121;121;0;0
[622,632];121;0;0;121
[622,633];121;121;0;0
[622,634];121;121;0;0
[622,635];121;121;0;0
[622,636];121;0;0;121
[622,637];121;121;0;0
[622,638];121;121;0;0
[623,624];121;0;0;121
[623,625];121;121;0;0
[623,626];121;121;0;0
[623,627];121;121;0;0
[623,628];121;0;0;121
[623,629];121;121;0;0
[623,630];121;121;0;0
[623,631];121;121;0;0
[623,632];121;0;0;121
[623,633];121;121;0;0
[623,634];121;121;0;0
[623,635];121;121;0;0
[623,636];121;0;0;121
[623,637];121;121;0;0
[623,638];121;121;0;0
[624,625];121;121;0;0
[624,626];121;0;121;0
[624,627];121;0;121;0
[624,628];121;0;0;121
[624,629];121;121;0;0
[624,630];121;121;0;0
[624,631];121;121;0;0
[624,632];121;0;0;121
[624,633];121;121;0;0
[624,634];121;121;0;0
[624,635];121;121;0;0
[624,636];121;0;0;121
[624,637];121;121;0;0
[624,638];121;121;0;0
[625,626];121;121;0;0
[625,627];121;121;0;0
[625,628];121;0;0;121
[625,629];121;121;0;0
[625,630];121;121;0;0
[625,631];121;121;0;0
[625,632];121;0;0;121
[625,633];121;121;0;0
[625,634];121;121;0;0
[625,635];121;121;0;0
[625,636];121;0;0;121
[625,637];121;121;0;0
[625,638];121;121;0;0
[626,627];121;121;0;0
[626,628];121;0;0;121
[626,629];121;121;0;0
[626,630];121;121;0;0
[626,631];121;121;0;0
[626,632];121;0;0;121
[626,633];121;121;0;0
[626,634];121;121;0;0
[626,635];121;121;0;0
[626,636];121;0;0;121
[626,637];121;121;0;0
[626,638];121;121;0;0
[627,628];121;0;0;121
[627,629];121;121;0;0
[627,630];121;121;0;0
[627,631];121;121;0;0
[627,632];121;0;0;121
[627,633];121;121;0;0
[627,634];121;121;0;0
[627,635];121;121;0;0
[627,636];121;0;0;121
[627,637];121;121;0;0
[627,638];121;121;0;0
[628,629];121;121;0;0
[628,630];121;0;121;0
[628,631];121;0;121;0
[628,632];121;0;0;121
[628,633];121;121;0;0
[628,634];121;121;0;0
[628,635];121;121;0;0
[628,636];121;0;0;121
[628,637];121;121;0;0
[628,638];121;121;0;0
[629,630];121;121;0;0
[629,631];121;121;0;0
[629,632];121;0;0;121
[629,633];121;121;0;0
[629,634];121;121;0;0
[629,635];121;121;0;0
[629,636];121;0;0;121
[629,637];121;121;0;0
[629,638];121;121;0;0
[630,631];121;121;0;0
[630,632];121;0;0;121
[630,633];121;121;0;0
[630,634];121;121;0;0
[630,635];121;121;0;0
[630,636];121;0;0;121
[630,637];121;121;0;0
[630,638];121;121;0;0
[631,632];121;0;0;121
[631,633];121;121;0;0
[631,634];121;121;0;0
[631,635];121;121;0;0
[631,636];121;0;0;121
[631,637];121;121;0;0
[631,638];121;121;0;0
[632,633];121;121;0;0
[632,634];121;0;121;0
[632,635];121;0;121;0
[632,636];121;0;0;121
[632,637];121;121;0;0
[632,638];121;121;0;0
[633,634];121;121;0;0
[633,635];121;121;0;0
[633,636];121;0;0;121
[633,637];121;121;0;0
[633,638];121;121;0;0
[634,635];121;121;0;0
[634,636];121;0;0;121
[634,637];121;121;0;0
[634,638];121;121;0;0
[635,636];121;0;0;121
[635,637];121;121;0;0
[635,638];121;121;0;0
[636,637];121;121;0;0
[636,638];121;0;121;0
[637,638];121;121;0;0
[645,676];73;0;73;0
[647,653];72;72;0;0
[647,654];57;57;0;0
[648,653];58;58;0;0
[648,654];57;57;0;0
[649,653];58;58;0;0
[649,654];57;57;0;0
[650,653];57;57;0;0
[650,654];57;57;0;0
[651,674];73;73;0;0
[653,674];73;72;1;0
[656,662];6;6;0;0
[656,663];6;6;0;0
[656,664];6;6;0;0
[656,665];6;6;0;0
[656,666];6;6;0;0
[656,667];6;6;0;0
[656,668];6;6;0;0
[656,669];6;6;0;0
[656,671];6;6;0;0
[656,672];6;0;6;0
[656,673];6;6;0;0
[658,662];6;0;6;0
[658,665];6;0;6;0
[658,667];6;0;6;0
[658,668];6;0;6;0
[659,662];6;6;0;0
[659,665];6;6;0;0
[659,667];6;6;0;0
[659,668];6;6;0;0
[662,667];6;6;0;0
[662,668];6;6;0;0
[662,669];6;6;0;0
[662,671];6;6;0;0
[662,672];6;0;6;0
[662,673];6;6;0;0
[663,667];6;6;0;0
[663,668];6;6;0;0
[663,669];6;6;0;0
[663,671];6;6;0;0
[663,672];6;0;6;0
[663,673];6;6;0;0
[664,667];6;6;0;0
[664,668];6;6;0;0
[664,669];6;6;0;0
[664,671];6;6;0;0
[664,672];6;0;6;0
[664,673];6;6;0;0
[665,667];6;6;0;0
[665,668];6;6;0;0
[665,669];6;6;0;0
[665,671];6;6;0;0
[665,672];6;6;0;0
[665,673];6;6;0;0
[666,667];6;6;0;0
[666,668];6;6;0;0
[666,669];6;6;0;0
[666,671];6;6;0;0
[666,672];6;0;6;0
[666,673];6;6;0;0
[667,672];6;6;0;0
[668,672];6;0;6;0
[669,672];6;6;0;0
[671,672];6;6;0;0
[678,835];17;0;17;0
[680,690];11;0;11;0
[684,689];21;0;21;0
[685,689];21;0;21;0
[686,689];21;0;21;0
[693,706];9;0;9;0
[693,707];9;0;9;0
[693,708];9;0;9;0
[695,700];1;1;0;0
[695,701];1;1;0;0
[696,697];8;1;7;0
[696,698];8;1;7;0
[696,699];8;1;7;0
[696,702];8;0;8;0
[696,703];8;0;8;0
[696,704];8;0;8;0
[697,702];19;0;19;0
[697,703];19;0;19;0
[697,704];19;0;19;0
[698,702];19;0;19;0
[698,703];19;0;19;0
[698,704];19;0;19;0
[699,702];19;0;19;0
[699,703];19;0;19;0
[699,704];19;0;19;0
[711,725];6;0;6;0
[711,726];6;0;6;0
[711,727];6;0;6;0
[711,729];6;0;6;0
[713,718];1;1;0;0
[713,719];1;1;0;0
[714,720];6;0;6;0
[714,721];6;0;6;0
[714,722];6;0;6;0
[715,720];4;0;4;0
[715,721];4;0;4;0
[715,722];4;0;4;0
[715,724];4;0;4;0
[716,720];4;0;4;0
[716,721];4;0;4;0
[716,722];4;0;4;0
[716,724];4;0;4;0
[717,720];4;0;4;0
[717,721];4;0;4;0
[717,722];4;0;4;0
[717,724];4;0;4;0
[720,724];4;4;0;0
[721,724];4;4;0;0
[722,724];4;4;0;0
[725,729];6;6;0;0
[726,729];6;6;0;0
[727,729];6;6;0;0
[732,742];6;0;6;0
[734,739];1;1;0;0
[734,740];1;1;0;0
[735,736];2;0;2;0
[735,737];2;0;2;0
[735,738];2;0;2;0
[735,741];2;0;2;0
[736,741];2;0;2;0
[737,741];2;0;2;0
[738,741];2;0;2;0
[755,762];1;0;1;0
[775,778];11;11;0;0
[775,779];11;11;0;0
[775,781];11;11;0;0
[775,783];11;11;0;0
[775,784];11;11;0;0
[778,779];11;0;0;11
[778,781];11;0;0;11
[778,783];11;0;0;11
[786,788];1;0;0;1
[786,790];1;0;0;1
[786,792];1;0;0;1
[787,788];1;0;0;1
[787,790];1;0;0;1
[787,792];1;0;0;1
[797,803];2;2;0;0
[797,804];2;2;0;0
[797,805];2;2;0;0
[797,806];2;2;0;0
[797,808];3;3;0;0
[797,809];3;0;0;3
[798,803];2;2;0;0
[798,804];2;2;0;0
[798,805];2;2;0;0
[798,806];2;2;0;0
[798,808];3;3;0;0
[798,809];3;0;0;3
[799,803];2;2;0;0
[799,804];2;2;0;0
[799,805];2;2;0;0
[799,806];2;2;0;0
[799,808];3;3;0;0
[799,809];3;0;0;3
[801,803];2;2;0;0
[801,804];2;2;0;0
[801,805];2;2;0;0
[806,808];3;3;0;0
[814,815];1;0;1;0
[814,816];1;0;1;0
[814,817];1;0;1;0
[814,818];1;0;1;0
[814,819];1;0;1;0
[814,820];1;0;1;0
[814,821];1;0;1;0
[814,822];1;0;1;0
[815,819];1;0;1;0
[815,820];1;0;1;0
[815,821];1;0;1;0
[815,822];1;0;1;0
[816,819];1;0;1;0
[816,820];1;0;1;0
[816,821];1;0;1;0
[816,822];1;0;1;0
[817,819];1;0;1;0
[817,820];1;0;1;0
[817,821];1;0;1;0
[817,822];1;0;1;0
[818,819];1;0;1;0
[818,820];1;0;1;0
[818,821];1;0;1;0
[818,822];1;0;1;0
[837,838];2;2;0;0
