[15,20];1;1;0;0
[15,21];1;1;0;0
[15,22];1;1;0;0
[15,23];1;1;0;0
[15,24];1;1;0;0
[15,25];1;1;0;0
[16,20];1;1;0;0
[16,21];1;1;0;0
[16,22];1;1;0;0
[16,23];1;1;0;0
[16,24];1;1;0;0
[16,25];1;1;0;0
[17,20];1;0;1;0
[17,21];1;0;1;0
[17,22];1;0;1;0
[17,23];1;0;1;0
[17,24];1;0;1;0
[17,25];1;1;0;0
[18,20];1;1;0;0
[18,21];1;1;0;0
[18,22];1;1;0;0
[18,23];1;1;0;0
[18,24];1;1;0;0
[18,25];1;1;0;0
[19,20];1;1;0;0
[19,21];1;1;0;0
[19,22];1;1;0;0
[19,23];1;1;0;0
[19,24];1;1;0;0
[19,25];1;1;0;0
[20,25];1;1;0;0
[21,25];1;1;0;0
[22,25];1;1;0;0
[23,25];1;1;0;0
[24,25];1;1;0;0
[27,32];3;0;3;0
[29,32];3;0;3;0
[31,32];3;0;3;0
[35,36];3;1;0;2
[35,37];6;6;0;0
[35,99];7;0;0;7
[35,100];7;0;0;7
[35,101];7;0;0;7
[35,104];7;0;0;7
[35,105];7;2;3;2
[35,106];7;2;3;2
[35,107];7;2;3;2
[35,110];7;0;0;7
[35,111];7;0;0;7
[36,37];6;0;6;0
[40,678];2;2;0;0
[40,717];2;2;0;0
[40,718];2;2;0;0
[41,49];2;0;2;0
[41,81];2;0;2;0
[41,82];2;1;1;0
[41,83];2;0;2;0
[41,84];2;0;2;0
[41,88];2;0;2;0
[41,90];2;0;2;0
[43,49];2;0;2;0
[43,81];2;1;1;0
[43,82];2;1;1;0
[43,83];2;0;2;0
[43,84];2;0;2;0
[43,88];2;0;2;0
[43,90];2;0;2;0
[45,47];2;0;2;0
[45,49];2;0;2;0
[45,50];2;0;2;0
[45,81];2;1;1;0
[45,82];2;0;2;0
[45,83];2;0;2;0
[45,84];2;0;2;0
[45,88];2;0;2;0
[45,90];2;0;2;0
[47,81];2;0;2;0
[47,82];2;0;2;0
[47,83];2;0;2;0
[47,84];2;0;2;0
[47,88];2;0;2;0
[48,58];1;1;0;0
[48,59];1;1;0;0
[48,62];1;1;0;0
[48,63];1;1;0;0
[48,64];1;1;0;0
[48,65];1;1;0;0
[48,66];1;1;0;0
[48,67];1;1;0;0
[48,68];1;1;0;0
[48,69];1;1;0;0
[48,70];1;1;0;0
[48,71];1;1;0;0
[48,72];1;1;0;0
[48,73];1;1;0;0
[48,74];1;1;0;0
[48,75];1;1;0;0
[48,77];1;1;0;0
[48,79];1;1;0;0
[48,80];1;1;0;0
[49,81];2;1;1;0
[49,82];2;1;1;0
[49,83];2;1;1;0
[49,84];2;1;1;0
[49,88];2;1;1;0
[50,81];2;1;1;0
[50,82];2;1;1;0
[50,83];2;1;1;0
[50,84];2;1;1;0
[50,88];2;1;1;0
[58,59];1;1;0;0
[58,62];1;1;0;0
[58,63];1;1;0;0
[58,64];1;1;0;0
[58,65];1;1;0;0
[58,66];1;1;0;0
[58,67];1;1;0;0
[58,68];1;1;0;0
[58,69];1;1;0;0
[58,71];1;0;0;1
[58,72];1;0;0;1
[58,73];1;0;0;1
[58,74];1;0;0;1
[58,75];1;0;0;1
[58,77];1;0;0;1
[58,79];1;0;0;1
[59,68];1;1;0;0
[59,71];1;0;0;1
[59,72];1;0;0;1
[59,73];1;0;0;1
[59,74];1;0;0;1
[59,75];1;0;0;1
[59,77];1;0;0;1
[59,79];1;0;0;1
[62,68];1;1;0;0
[62,71];1;0;0;1
[62,72];1;0;0;1
[62,73];1;0;0;1
[62,74];1;0;0;1
[62,75];1;0;0;1
[62,77];1;0;0;1
[62,79];1;0;0;1
[63,64];1;1;0;0
[63,65];1;1;0;0
[63,66];1;1;0;0
[63,67];1;1;0;0
[63,68];1;1;0;0
[63,71];1;0;0;1
[63,72];1;0;0;1
[63,73];1;0;0;1
[63,74];1;0;0;1
[63,75];1;0;0;1
[63,77];1;0;0;1
[63,79];1;0;0;1
[64,68];1;1;0;0
[64,71];1;0;0;1
[64,72];1;0;0;1
[64,73];1;0;0;1
[64,74];1;0;0;1
[64,75];1;0;0;1
[64,77];1;0;0;1
[64,79];1;0;0;1
[65,68];1;1;0;0
[65,71];1;0;0;1
[65,72];1;0;0;1
[65,73];1;0;0;1
[65,74];1;0;0;1
[65,75];1;0;0;1
[65,77];1;0;0;1
[65,79];1;0;0;1
[66,68];1;1;0;0
[66,71];1;0;0;1
[66,72];1;0;0;1
[66,73];1;0;0;1
[66,74];1;0;0;1
[66,75];1;0;0;1
[66,77];1;0;0;1
[66,79];1;0;0;1
[67,68];1;1;0;0
[67,71];1;0;0;1
[67,72];1;0;0;1
[67,73];1;0;0;1
[67,74];1;0;0;1
[67,75];1;0;0;1
[67,77];1;0;0;1
[67,79];1;0;0;1
[68,71];1;0;0;1
[68,72];1;0;0;1
[68,73];1;0;0;1
[68,74];1;0;0;1
[68,75];1;0;0;1
[68,77];1;0;0;1
[68,79];1;0;0;1
[69,71];1;0;0;1
[69,72];1;0;0;1
[69,73];1;0;0;1
[69,74];1;0;0;1
[69,75];1;0;0;1
[69,77];1;0;0;1
[69,79];1;0;0;1
[70,71];1;0;0;1
[70,72];1;0;0;1
[70,73];1;0;0;1
[70,74];1;0;0;1
[70,75];1;0;0;1
[70,77];1;0;0;1
[70,79];1;0;0;1
[71,75];1;1;0;0
[72,75];1;1;0;0
[72,77];1;1;0;0
[73,75];1;1;0;0
[73,77];1;1;0;0
[74,75];1;1;0;0
[78,85];1;1;0;0
[78,86];1;1;0;0
[78,87];1;1;0;0
[78,89];1;1;0;0
[81,88];2;2;0;0
[82,85];1;1;0;0
[82,88];2;2;0;0
[83,85];1;1;0;0
[83,88];2;2;0;0
[84,85];1;1;0;0
[84,88];2;2;0;0
[96,97];51;51;0;0
[98,103];1;1;0;0
[98,109];1;1;0;0
[98,113];1;1;0;0
[98,114];1;1;0;0
[99,104];7;0;0;7
[99,105];1;1;0;0
[99,106];1;1;0;0
[99,107];7;7;0;0
[99,110];7;7;0;0
[99,113];1;1;0;0
[99,114];1;1;0;0
[99,115];1;1;0;0
[100,104];7;0;0;7
[100,105];7;7;0;0
[100,106];7;7;0;0
[100,107];7;7;0;0
[100,110];7;7;0;0
[100,113];1;1;0;0
[100,114];1;1;0;0
[100,115];1;1;0;0
[101,104];7;0;0;7
[101,105];1;1;0;0
[101,106];1;1;0;0
[101,107];7;7;0;0
[101,110];7;7;0;0
[101,113];1;1;0;0
[101,114];1;1;0;0
[101,115];1;1;0;0
[103,105];1;0;1;0
[103,106];1;0;1;0
[103,107];1;0;1;0
[103,109];1;0;1;0
[103,112];1;0;1;0
[103,113];1;0;1;0
[103,114];1;0;1;0
[103,115];1;0;1;0
[104,105];7;7;0;0
[104,106];7;7;0;0
[104,107];7;7;0;0
[104,110];7;7;0;0
[104,113];1;1;0;0
[104,114];1;1;0;0
[105,110];7;7;0;0
[105,113];1;0;1;0
[105,114];1;0;1;0
[106,110];7;7;0;0
[106,113];1;1;0;0
[106,114];1;1;0;0
[107,110];7;7;0;0
[107,113];1;0;1;0
[107,114];1;0;1;0
[109,112];1;0;1;0
[109,113];1;0;1;0
[109,114];1;0;1;0
[109,115];1;0;1;0
[110,113];1;1;0;0
[110,114];1;1;0;0
[111,113];1;1;0;0
[111,114];1;1;0;0
[116,654];1;1;0;0
[116,657];1;0;1;0
[116,684];1;0;0;1
[116,685];1;0;0;1
[116,924];1;0;0;1
[119,120];1;1;0;0
[119,122];1;0;0;1
[119,124];1;0;0;1
[119,125];1;1;0;0
[119,126];1;0;0;1
[119,343];1;0;0;1
[120,122];1;0;0;1
[120,124];1;0;0;1
[120,125];1;1;0;0
[120,126];1;0;0;1
[120,343];1;0;0;1
[122,343];1;0;0;1
[124,343];1;0;0;1
[125,343];1;0;0;1
[126,343];1;0;0;1
[127,343];1;0;0;1
[128,130];1;0;0;1
[128,132];1;0;0;1
[128,133];1;1;0;0
[128,134];1;0;0;1
[128,344];1;0;0;1
[130,344];1;0;0;1
[132,344];1;0;0;1
[133,344];1;0;0;1
[134,344];1;0;0;1
[135,344];1;0;0;1
[142,618];9;0;9;0
[147,148];1;1;0;0
[147,149];1;1;0;0
[147,150];1;1;0;0
[147,151];1;1;0;0
[147,158];1;1;0;0
[147,160];1;1;0;0
[147,166];1;1;0;0
[147,176];1;1;0;0
[147,177];1;1;0;0
[147,178];1;1;0;0
[147,181];1;1;0;0
[147,182];1;1;0;0
[147,184];1;1;0;0
[147,187];1;1;0;0
[147,190];1;1;0;0
[147,191];1;1;0;0
[147,194];1;1;0;0
[147,195];1;1;0;0
[147,196];1;1;0;0
[147,199];1;1;0;0
[147,200];1;1;0;0
[147,202];1;1;0;0
[147,205];1;1;0;0
[147,208];1;1;0;0
[147,209];1;1;0;0
[147,211];1;1;0;0
[147,214];1;1;0;0
[147,217];1;1;0;0
[147,218];1;1;0;0
[147,220];1;1;0;0
[147,223];1;1;0;0
[147,226];1;1;0;0
[147,227];1;1;0;0
[147,232];1;1;0;0
[147,235];1;1;0;0
[147,236];1;1;0;0
[147,239];1;1;0;0
[147,241];1;1;0;0
[147,244];1;1;0;0
[147,245];1;1;0;0
[147,248];1;1;0;0
[147,250];1;1;0;0
[147,253];1;1;0;0
[147,254];1;1;0;0
[147,257];1;1;0;0
[147,259];1;1;0;0
[147,262];1;1;0;0
[147,263];1;1;0;0
[147,266];1;1;0;0
[147,268];1;1;0;0
[147,271];1;1;0;0
[147,272];1;1;0;0
[147,275];1;1;0;0
[147,277];1;1;0;0
[147,280];1;1;0;0
[147,281];1;1;0;0
[147,284];1;1;0;0
[147,286];1;1;0;0
[147,289];1;1;0;0
[147,290];1;1;0;0
[147,293];1;1;0;0
[147,295];1;1;0;0
[147,298];1;1;0;0
[147,299];1;1;0;0
[147,302];1;1;0;0
[147,304];1;1;0;0
[147,307];1;1;0;0
[147,308];1;1;0;0
[147,311];1;1;0;0
[147,312];1;1;0;0
[147,313];1;1;0;0
[147,316];1;1;0;0
[147,317];1;1;0;0
[147,319];1;1;0;0
[147,322];1;1;0;0
[147,325];1;1;0;0
[147,326];1;1;0;0
[147,328];1;1;0;0
[147,331];1;1;0;0
[148,149];1;1;0;0
[148,150];1;1;0;0
[148,151];1;1;0;0
[148,158];1;1;0;0
[148,160];1;1;0;0
[148,166];1;1;0;0
[148,176];1;1;0;0
[148,177];1;1;0;0
[148,178];1;1;0;0
[148,181];1;1;0;0
[148,182];1;1;0;0
[148,184];1;1;0;0
[148,187];1;1;0;0
[148,190];1;1;0;0
[148,191];1;1;0;0
[148,194];1;1;0;0
[148,195];1;1;0;0
[148,196];1;1;0;0
[148,199];1;1;0;0
[148,200];1;1;0;0
[148,202];1;1;0;0
[148,205];1;1;0;0
[148,208];1;1;0;0
[148,209];1;1;0;0
[148,211];1;1;0;0
[148,214];1;1;0;0
[148,217];1;1;0;0
[148,218];1;1;0;0
[148,220];1;1;0;0
[148,223];1;1;0;0
[148,226];1;1;0;0
[148,227];1;1;0;0
[148,232];1;1;0;0
[148,235];1;1;0;0
[148,236];1;1;0;0
[148,239];1;1;0;0
[148,241];1;1;0;0
[148,244];1;1;0;0
[148,245];1;1;0;0
[148,248];1;1;0;0
[148,250];1;1;0;0
[148,253];1;1;0;0
[148,254];1;1;0;0
[148,257];1;1;0;0
[148,259];1;1;0;0
[148,262];1;1;0;0
[148,263];1;1;0;0
[148,266];1;1;0;0
[148,268];1;1;0;0
[148,271];1;1;0;0
[148,272];1;1;0;0
[148,275];1;1;0;0
[148,277];1;1;0;0
[148,280];1;1;0;0
[148,281];1;1;0;0
[148,284];1;1;0;0
[148,286];1;1;0;0
[148,289];1;1;0;0
[148,290];1;1;0;0
[148,293];1;1;0;0
[148,295];1;1;0;0
[148,298];1;1;0;0
[148,299];1;1;0;0
[148,302];1;1;0;0
[148,304];1;1;0;0
[148,307];1;1;0;0
[148,308];1;1;0;0
[148,311];1;1;0;0
[148,312];1;1;0;0
[148,313];1;1;0;0
[148,316];1;1;0;0
[148,317];1;1;0;0
[148,319];1;1;0;0
[148,322];1;1;0;0
[148,325];1;1;0;0
[148,326];1;1;0;0
[148,328];1;1;0;0
[148,331];1;1;0;0
[149,150];1;1;0;0
[149,151];1;1;0;0
[149,158];1;1;0;0
[149,160];1;1;0;0
[149,166];1;1;0;0
[149,176];1;1;0;0
[149,177];1;1;0;0
[149,178];1;1;0;0
[149,181];1;1;0;0
[149,182];1;1;0;0
[149,184];1;1;0;0
[149,187];1;1;0;0
[149,190];1;1;0;0
[149,191];1;1;0;0
[149,194];1;1;0;0
[149,195];1;1;0;0
[149,196];1;1;0;0
[149,199];1;1;0;0
[149,200];1;1;0;0
[149,202];1;1;0;0
[149,205];1;1;0;0
[149,208];1;1;0;0
[149,209];1;1;0;0
[149,211];1;1;0;0
[149,214];1;1;0;0
[149,217];1;1;0;0
[149,218];1;1;0;0
[149,220];1;1;0;0
[149,223];1;1;0;0
[149,226];1;1;0;0
[149,227];1;1;0;0
[149,232];1;1;0;0
[149,235];1;1;0;0
[149,236];1;1;0;0
[149,239];1;1;0;0
[149,241];1;1;0;0
[149,244];1;1;0;0
[149,245];1;1;0;0
[149,248];1;1;0;0
[149,250];1;1;0;0
[149,253];1;1;0;0
[149,254];1;1;0;0
[149,257];1;1;0;0
[149,259];1;1;0;0
[149,262];1;1;0;0
[149,263];1;1;0;0
[149,266];1;1;0;0
[149,268];1;1;0;0
[149,271];1;1;0;0
[149,272];1;1;0;0
[149,275];1;1;0;0
[149,277];1;1;0;0
[149,280];1;1;0;0
[149,281];1;1;0;0
[149,284];1;1;0;0
[149,286];1;1;0;0
[149,289];1;1;0;0
[149,290];1;1;0;0
[149,293];1;1;0;0
[149,295];1;1;0;0
[149,298];1;1;0;0
[149,299];1;1;0;0
[149,302];1;1;0;0
[149,304];1;1;0;0
[149,307];1;1;0;0
[149,308];1;1;0;0
[149,311];1;1;0;0
[149,312];1;1;0;0
[149,313];1;1;0;0
[149,316];1;1;0;0
[149,317];1;1;0;0
[149,319];1;1;0;0
[149,322];1;1;0;0
[149,325];1;1;0;0
[149,326];1;1;0;0
[149,328];1;1;0;0
[149,331];1;1;0;0
[150,151];1;1;0;0
[150,158];1;1;0;0
[150,160];1;1;0;0
[150,166];1;1;0;0
[150,176];1;1;0;0
[150,177];1;1;0;0
[150,178];1;1;0;0
[150,181];1;1;0;0
[150,182];1;1;0;0
[150,184];1;1;0;0
[150,187];1;1;0;0
[150,190];1;1;0;0
[150,191];1;1;0;0
[150,194];1;1;0;0
[150,195];1;1;0;0
[150,196];1;1;0;0
[150,199];1;1;0;0
[150,200];1;1;0;0
[150,202];1;1;0;0
[150,205];1;1;0;0
[150,208];1;1;0;0
[150,209];1;1;0;0
[150,211];1;1;0;0
[150,214];1;1;0;0
[150,217];1;1;0;0
[150,218];1;1;0;0
[150,220];1;1;0;0
[150,223];1;1;0;0
[150,226];1;1;0;0
[150,227];1;1;0;0
[150,232];1;1;0;0
[150,235];1;1;0;0
[150,236];1;1;0;0
[150,239];1;1;0;0
[150,241];1;1;0;0
[150,244];1;1;0;0
[150,245];1;1;0;0
[150,248];1;1;0;0
[150,250];1;1;0;0
[150,253];1;1;0;0
[150,254];1;1;0;0
[150,257];1;1;0;0
[150,259];1;1;0;0
[150,262];1;1;0;0
[150,263];1;1;0;0
[150,266];1;1;0;0
[150,268];1;1;0;0
[150,271];1;1;0;0
[150,272];1;1;0;0
[150,275];1;1;0;0
[150,277];1;1;0;0
[150,280];1;1;0;0
[150,281];1;1;0;0
[150,284];1;1;0;0
[150,286];1;1;0;0
[150,289];1;1;0;0
[150,290];1;1;0;0
[150,293];1;1;0;0
[150,295];1;1;0;0
[150,298];1;1;0;0
[150,299];1;1;0;0
[150,302];1;1;0;0
[150,304];1;1;0;0
[150,307];1;1;0;0
[150,308];1;1;0;0
[150,311];1;1;0;0
[150,312];1;1;0;0
[150,313];1;1;0;0
[150,316];1;1;0;0
[150,317];1;1;0;0
[150,319];1;1;0;0
[150,322];1;1;0;0
[150,325];1;1;0;0
[150,326];1;1;0;0
[150,328];1;1;0;0
[150,331];1;1;0;0
[151,158];1;1;0;0
[151,160];1;1;0;0
[151,166];1;1;0;0
[151,176];1;1;0;0
[151,177];1;1;0;0
[151,178];1;1;0;0
[151,181];1;1;0;0
[151,182];1;1;0;0
[151,184];1;1;0;0
[151,187];1;1;0;0
[151,190];1;1;0;0
[151,191];1;1;0;0
[151,194];1;1;0;0
[151,195];1;1;0;0
[151,196];1;1;0;0
[151,199];1;1;0;0
[151,200];1;1;0;0
[151,202];1;1;0;0
[151,205];1;1;0;0
[151,208];1;1;0;0
[151,209];1;1;0;0
[151,211];1;1;0;0
[151,214];1;1;0;0
[151,217];1;1;0;0
[151,218];1;1;0;0
[151,220];1;1;0;0
[151,223];1;1;0;0
[151,226];1;1;0;0
[151,227];1;1;0;0
[151,232];1;1;0;0
[151,235];1;1;0;0
[151,236];1;1;0;0
[151,239];1;1;0;0
[151,241];1;1;0;0
[151,244];1;1;0;0
[151,245];1;1;0;0
[151,248];1;1;0;0
[151,250];1;1;0;0
[151,253];1;1;0;0
[151,254];1;1;0;0
[151,257];1;1;0;0
[151,259];1;1;0;0
[151,262];1;1;0;0
[151,263];1;1;0;0
[151,266];1;1;0;0
[151,268];1;1;0;0
[151,271];1;1;0;0
[151,272];1;1;0;0
[151,275];1;1;0;0
[151,277];1;1;0;0
[151,280];1;1;0;0
[151,281];1;1;0;0
[151,284];1;1;0;0
[151,286];1;1;0;0
[151,289];1;1;0;0
[151,290];1;1;0;0
[151,293];1;1;0;0
[151,295];1;1;0;0
[151,298];1;1;0;0
[151,299];1;1;0;0
[151,302];1;1;0;0
[151,304];1;1;0;0
[151,307];1;1;0;0
[151,308];1;1;0;0
[151,311];1;1;0;0
[151,312];1;1;0;0
[151,313];1;1;0;0
[151,316];1;1;0;0
[151,317];1;1;0;0
[151,319];1;1;0;0
[151,322];1;1;0;0
[151,325];1;1;0;0
[151,326];1;1;0;0
[151,328];1;1;0;0
[151,331];1;1;0;0
[158,160];1;1;0;0
[158,166];1;1;0;0
[158,176];1;1;0;0
[158,177];1;1;0;0
[158,178];1;1;0;0
[158,181];1;1;0;0
[158,182];1;1;0;0
[158,184];1;1;0;0
[158,187];1;1;0;0
[158,190];1;1;0;0
[158,191];1;1;0;0
[158,194];1;1;0;0
[158,195];1;1;0;0
[158,196];1;1;0;0
[158,199];1;1;0;0
[158,200];1;1;0;0
[158,202];1;1;0;0
[158,205];1;1;0;0
[158,208];1;1;0;0
[158,209];1;1;0;0
[158,211];1;1;0;0
[158,214];1;1;0;0
[158,217];1;1;0;0
[158,218];1;1;0;0
[158,220];1;1;0;0
[158,223];1;1;0;0
[158,226];1;1;0;0
[158,227];1;1;0;0
[158,232];1;1;0;0
[158,235];1;1;0;0
[158,236];1;1;0;0
[158,239];1;1;0;0
[158,241];1;1;0;0
[158,244];1;1;0;0
[158,245];1;1;0;0
[158,248];1;1;0;0
[158,250];1;1;0;0
[158,253];1;1;0;0
[158,254];1;1;0;0
[158,257];1;1;0;0
[158,259];1;1;0;0
[158,262];1;1;0;0
[158,263];1;1;0;0
[158,266];1;1;0;0
[158,268];1;1;0;0
[158,271];1;1;0;0
[158,272];1;1;0;0
[158,275];1;1;0;0
[158,277];1;1;0;0
[158,280];1;1;0;0
[158,281];1;1;0;0
[158,284];1;1;0;0
[158,286];1;1;0;0
[158,289];1;1;0;0
[158,290];1;1;0;0
[158,293];1;1;0;0
[158,295];1;1;0;0
[158,298];1;1;0;0
[158,299];1;1;0;0
[158,302];1;1;0;0
[158,304];1;1;0;0
[158,307];1;1;0;0
[158,308];1;1;0;0
[158,311];1;1;0;0
[158,312];1;1;0;0
[158,313];1;1;0;0
[158,316];1;1;0;0
[158,317];1;1;0;0
[158,319];1;1;0;0
[158,322];1;1;0;0
[158,325];1;1;0;0
[158,326];1;1;0;0
[158,328];1;1;0;0
[158,331];1;1;0;0
[160,166];1;1;0;0
[160,176];1;1;0;0
[160,177];1;1;0;0
[160,178];1;1;0;0
[160,181];1;1;0;0
[160,182];1;1;0;0
[160,184];1;1;0;0
[160,187];1;1;0;0
[160,190];1;1;0;0
[160,191];1;1;0;0
[160,194];1;1;0;0
[160,195];1;1;0;0
[160,196];1;1;0;0
[160,199];1;1;0;0
[160,200];1;1;0;0
[160,202];1;1;0;0
[160,205];1;1;0;0
[160,208];1;1;0;0
[160,209];1;1;0;0
[160,211];1;1;0;0
[160,214];1;1;0;0
[160,217];1;1;0;0
[160,218];1;1;0;0
[160,220];1;1;0;0
[160,223];1;1;0;0
[160,226];1;1;0;0
[160,227];1;1;0;0
[160,232];1;1;0;0
[160,235];1;1;0;0
[160,236];1;1;0;0
[160,239];1;1;0;0
[160,241];1;1;0;0
[160,244];1;1;0;0
[160,245];1;1;0;0
[160,248];1;1;0;0
[160,250];1;1;0;0
[160,253];1;1;0;0
[160,254];1;1;0;0
[160,257];1;1;0;0
[160,259];1;1;0;0
[160,262];1;1;0;0
[160,263];1;1;0;0
[160,266];1;1;0;0
[160,268];1;1;0;0
[160,271];1;1;0;0
[160,272];1;1;0;0
[160,275];1;1;0;0
[160,277];1;1;0;0
[160,280];1;1;0;0
[160,281];1;1;0;0
[160,284];1;1;0;0
[160,286];1;1;0;0
[160,289];1;1;0;0
[160,290];1;1;0;0
[160,293];1;1;0;0
[160,295];1;1;0;0
[160,298];1;1;0;0
[160,299];1;1;0;0
[160,302];1;1;0;0
[160,304];1;1;0;0
[160,307];1;1;0;0
[160,308];1;1;0;0
[160,311];1;1;0;0
[160,312];1;1;0;0
[160,313];1;1;0;0
[160,316];1;1;0;0
[160,317];1;1;0;0
[160,319];1;1;0;0
[160,322];1;1;0;0
[160,325];1;1;0;0
[160,326];1;1;0;0
[160,328];1;1;0;0
[160,331];1;1;0;0
[166,176];1;1;0;0
[166,177];1;1;0;0
[166,178];1;1;0;0
[166,181];1;1;0;0
[166,182];1;1;0;0
[166,184];1;1;0;0
[166,187];1;1;0;0
[166,190];1;1;0;0
[166,191];1;1;0;0
[166,194];1;0;0;1
[166,195];1;0;0;1
[166,196];1;0;0;1
[166,199];1;0;0;1
[166,200];1;0;0;1
[166,202];1;0;0;1
[166,205];1;1;0;0
[166,208];1;0;0;1
[166,209];1;0;0;1
[166,211];1;0;0;1
[166,214];1;1;0;0
[166,217];1;0;0;1
[166,218];1;0;0;1
[166,220];1;0;0;1
[166,223];1;1;0;0
[166,226];1;0;0;1
[166,227];1;0;0;1
[166,232];1;0;0;1
[166,235];1;0;0;1
[166,236];1;0;0;1
[166,239];1;0;0;1
[166,241];1;1;0;0
[166,244];1;0;0;1
[166,245];1;0;0;1
[166,248];1;1;0;0
[166,250];1;1;0;0
[166,253];1;0;0;1
[166,254];1;0;0;1
[166,257];1;1;0;0
[166,259];1;1;0;0
[166,262];1;0;0;1
[166,263];1;0;0;1
[166,266];1;1;0;0
[166,268];1;1;0;0
[166,271];1;0;0;1
[166,272];1;0;0;1
[166,275];1;1;0;0
[166,277];1;1;0;0
[166,280];1;0;0;1
[166,281];1;0;0;1
[166,284];1;1;0;0
[166,286];1;1;0;0
[166,289];1;0;0;1
[166,290];1;0;0;1
[166,293];1;1;0;0
[166,295];1;1;0;0
[166,298];1;0;0;1
[166,299];1;0;0;1
[166,302];1;1;0;0
[166,304];1;1;0;0
[166,307];1;0;0;1
[166,308];1;0;0;1
[166,311];1;1;0;0
[166,312];1;1;0;0
[166,313];1;0;0;1
[166,316];1;0;0;1
[166,317];1;0;0;1
[166,319];1;0;0;1
[166,322];1;1;0;0
[166,325];1;0;0;1
[166,326];1;0;0;1
[166,328];1;0;0;1
[166,331];1;1;0;0
[176,184];1;1;0;0
[176,187];1;1;0;0
[176,194];1;1;0;0
[176,195];1;1;0;0
[176,196];1;1;0;0
[176,199];1;1;0;0
[176,200];1;1;0;0
[176,202];1;1;0;0
[176,205];1;1;0;0
[176,208];1;1;0;0
[176,209];1;1;0;0
[176,211];1;1;0;0
[176,214];1;1;0;0
[176,217];1;1;0;0
[176,218];1;1;0;0
[176,220];1;1;0;0
[176,223];1;1;0;0
[176,226];1;1;0;0
[176,227];1;1;0;0
[176,232];1;1;0;0
[176,235];1;1;0;0
[176,236];1;1;0;0
[176,239];1;1;0;0
[176,241];1;1;0;0
[176,244];1;1;0;0
[176,245];1;1;0;0
[176,248];1;1;0;0
[176,250];1;1;0;0
[176,253];1;1;0;0
[176,254];1;1;0;0
[176,257];1;1;0;0
[176,259];1;1;0;0
[176,262];1;1;0;0
[176,263];1;1;0;0
[176,266];1;1;0;0
[176,268];1;1;0;0
[176,271];1;1;0;0
[176,272];1;1;0;0
[176,275];1;1;0;0
[176,277];1;1;0;0
[176,280];1;1;0;0
[176,281];1;1;0;0
[176,284];1;1;0;0
[176,286];1;1;0;0
[176,289];1;1;0;0
[176,290];1;1;0;0
[176,293];1;1;0;0
[176,295];1;1;0;0
[176,298];1;1;0;0
[176,299];1;1;0;0
[176,302];1;1;0;0
[176,304];1;1;0;0
[176,307];1;1;0;0
[176,308];1;1;0;0
[176,311];1;1;0;0
[176,312];1;1;0;0
[176,313];1;1;0;0
[176,316];1;1;0;0
[176,317];1;1;0;0
[176,319];1;1;0;0
[176,322];1;1;0;0
[176,325];1;1;0;0
[176,326];1;1;0;0
[176,328];1;1;0;0
[176,331];1;1;0;0
[177,181];1;1;0;0
[177,182];1;1;0;0
[177,184];1;1;0;0
[177,187];1;1;0;0
[177,190];1;1;0;0
[177,191];1;1;0;0
[177,194];1;1;0;0
[177,195];1;1;0;0
[177,196];1;1;0;0
[177,199];1;1;0;0
[177,200];1;1;0;0
[177,202];1;1;0;0
[177,205];1;1;0;0
[177,208];1;1;0;0
[177,209];1;1;0;0
[177,211];1;1;0;0
[177,214];1;1;0;0
[177,217];1;1;0;0
[177,218];1;1;0;0
[177,220];1;1;0;0
[177,223];1;1;0;0
[177,226];1;1;0;0
[177,227];1;1;0;0
[177,232];1;1;0;0
[177,235];1;1;0;0
[177,236];1;1;0;0
[177,239];1;1;0;0
[177,241];1;1;0;0
[177,244];1;1;0;0
[177,245];1;1;0;0
[177,248];1;1;0;0
[177,250];1;1;0;0
[177,253];1;1;0;0
[177,254];1;1;0;0
[177,257];1;1;0;0
[177,259];1;1;0;0
[177,262];1;1;0;0
[177,263];1;1;0;0
[177,266];1;1;0;0
[177,268];1;1;0;0
[177,271];1;1;0;0
[177,272];1;1;0;0
[177,275];1;1;0;0
[177,277];1;1;0;0
[177,280];1;1;0;0
[177,281];1;1;0;0
[177,284];1;1;0;0
[177,286];1;1;0;0
[177,289];1;1;0;0
[177,290];1;1;0;0
[177,293];1;1;0;0
[177,295];1;1;0;0
[177,298];1;1;0;0
[177,299];1;1;0;0
[177,302];1;1;0;0
[177,304];1;1;0;0
[177,307];1;1;0;0
[177,308];1;1;0;0
[177,311];1;1;0;0
[177,312];1;1;0;0
[177,313];1;1;0;0
[177,316];1;1;0;0
[177,317];1;1;0;0
[177,319];1;1;0;0
[177,322];1;1;0;0
[177,325];1;1;0;0
[177,326];1;1;0;0
[177,328];1;1;0;0
[177,331];1;1;0;0
[178,181];1;1;0;0
[178,182];1;1;0;0
[178,184];1;1;0;0
[178,187];1;1;0;0
[178,190];1;1;0;0
[178,191];1;1;0;0
[178,194];1;1;0;0
[178,195];1;1;0;0
[178,196];1;1;0;0
[178,199];1;1;0;0
[178,200];1;1;0;0
[178,202];1;1;0;0
[178,205];1;1;0;0
[178,208];1;1;0;0
[178,209];1;1;0;0
[178,211];1;1;0;0
[178,214];1;1;0;0
[178,217];1;1;0;0
[178,218];1;1;0;0
[178,220];1;1;0;0
[178,223];1;1;0;0
[178,226];1;1;0;0
[178,227];1;1;0;0
[178,232];1;1;0;0
[178,235];1;1;0;0
[178,236];1;1;0;0
[178,239];1;1;0;0
[178,241];1;1;0;0
[178,244];1;1;0;0
[178,245];1;1;0;0
[178,248];1;1;0;0
[178,250];1;1;0;0
[178,253];1;1;0;0
[178,254];1;1;0;0
[178,257];1;1;0;0
[178,259];1;1;0;0
[178,262];1;1;0;0
[178,263];1;1;0;0
[178,266];1;1;0;0
[178,268];1;1;0;0
[178,271];1;1;0;0
[178,272];1;1;0;0
[178,275];1;1;0;0
[178,277];1;1;0;0
[178,280];1;1;0;0
[178,281];1;1;0;0
[178,284];1;1;0;0
[178,286];1;1;0;0
[178,289];1;1;0;0
[178,290];1;1;0;0
[178,293];1;1;0;0
[178,295];1;1;0;0
[178,298];1;1;0;0
[178,299];1;1;0;0
[178,302];1;1;0;0
[178,304];1;1;0;0
[178,307];1;1;0;0
[178,308];1;1;0;0
[178,311];1;1;0;0
[178,312];1;1;0;0
[178,313];1;1;0;0
[178,316];1;1;0;0
[178,317];1;1;0;0
[178,319];1;1;0;0
[178,322];1;1;0;0
[178,325];1;1;0;0
[178,326];1;1;0;0
[178,328];1;1;0;0
[178,331];1;1;0;0
[181,184];1;1;0;0
[181,194];1;1;0;0
[181,195];1;1;0;0
[181,196];1;1;0;0
[181,199];1;1;0;0
[181,200];1;1;0;0
[181,202];1;1;0;0
[181,205];1;1;0;0
[181,208];1;1;0;0
[181,209];1;1;0;0
[181,211];1;1;0;0
[181,214];1;1;0;0
[181,217];1;1;0;0
[181,218];1;1;0;0
[181,220];1;1;0;0
[181,223];1;1;0;0
[181,226];1;1;0;0
[181,227];1;1;0;0
[181,232];1;1;0;0
[181,235];1;1;0;0
[181,236];1;1;0;0
[181,239];1;1;0;0
[181,241];1;1;0;0
[181,244];1;1;0;0
[181,245];1;1;0;0
[181,248];1;1;0;0
[181,250];1;1;0;0
[181,253];1;1;0;0
[181,254];1;1;0;0
[181,257];1;1;0;0
[181,259];1;1;0;0
[181,262];1;1;0;0
[181,263];1;1;0;0
[181,266];1;1;0;0
[181,268];1;1;0;0
[181,271];1;1;0;0
[181,272];1;1;0;0
[181,275];1;1;0;0
[181,277];1;1;0;0
[181,280];1;1;0;0
[181,281];1;1;0;0
[181,284];1;1;0;0
[181,286];1;1;0;0
[181,289];1;1;0;0
[181,290];1;1;0;0
[181,293];1;1;0;0
[181,295];1;1;0;0
[181,298];1;1;0;0
[181,299];1;1;0;0
[181,302];1;1;0;0
[181,304];1;1;0;0
[181,307];1;1;0;0
[181,308];1;1;0;0
[181,311];1;1;0;0
[181,312];1;1;0;0
[181,313];1;1;0;0
[181,316];1;1;0;0
[181,317];1;1;0;0
[181,319];1;1;0;0
[181,322];1;1;0;0
[181,325];1;1;0;0
[181,326];1;1;0;0
[181,328];1;1;0;0
[181,331];1;1;0;0
[182,184];1;1;0;0
[182,190];1;1;0;0
[182,191];1;1;0;0
[182,194];1;1;0;0
[182,195];1;1;0;0
[182,196];1;1;0;0
[182,199];1;1;0;0
[182,200];1;1;0;0
[182,202];1;1;0;0
[182,205];1;1;0;0
[182,208];1;1;0;0
[182,209];1;1;0;0
[182,211];1;1;0;0
[182,214];1;1;0;0
[182,217];1;1;0;0
[182,218];1;1;0;0
[182,220];1;1;0;0
[182,223];1;1;0;0
[182,226];1;1;0;0
[182,227];1;1;0;0
[182,232];1;1;0;0
[182,235];1;1;0;0
[182,236];1;1;0;0
[182,239];1;1;0;0
[182,241];1;1;0;0
[182,244];1;1;0;0
[182,245];1;1;0;0
[182,248];1;1;0;0
[182,250];1;1;0;0
[182,253];1;1;0;0
[182,254];1;1;0;0
[182,257];1;1;0;0
[182,259];1;1;0;0
[182,262];1;1;0;0
[182,263];1;1;0;0
[182,266];1;1;0;0
[182,268];1;1;0;0
[182,271];1;1;0;0
[182,272];1;1;0;0
[182,275];1;1;0;0
[182,277];1;1;0;0
[182,280];1;1;0;0
[182,281];1;1;0;0
[182,284];1;1;0;0
[182,286];1;1;0;0
[182,289];1;1;0;0
[182,290];1;1;0;0
[182,293];1;1;0;0
[182,295];1;1;0;0
[182,298];1;1;0;0
[182,299];1;1;0;0
[182,302];1;1;0;0
[182,304];1;1;0;0
[182,307];1;1;0;0
[182,308];1;1;0;0
[182,311];1;1;0;0
[182,312];1;1;0;0
[182,313];1;1;0;0
[182,316];1;1;0;0
[182,317];1;1;0;0
[182,319];1;1;0;0
[182,322];1;1;0;0
[182,325];1;1;0;0
[182,326];1;1;0;0
[182,328];1;1;0;0
[182,331];1;1;0;0
[184,194];1;1;0;0
[184,195];1;1;0;0
[184,196];1;1;0;0
[184,199];1;1;0;0
[184,200];1;1;0;0
[184,202];1;1;0;0
[184,205];1;1;0;0
[184,208];1;1;0;0
[184,209];1;1;0;0
[184,211];1;1;0;0
[184,214];1;1;0;0
[184,217];1;1;0;0
[184,218];1;1;0;0
[184,220];1;1;0;0
[184,223];1;1;0;0
[184,226];1;1;0;0
[184,227];1;1;0;0
[184,232];1;1;0;0
[184,235];1;1;0;0
[184,236];1;1;0;0
[184,239];1;1;0;0
[184,241];1;1;0;0
[184,244];1;1;0;0
[184,245];1;1;0;0
[184,248];1;1;0;0
[184,250];1;1;0;0
[184,253];1;1;0;0
[184,254];1;1;0;0
[184,257];1;1;0;0
[184,259];1;1;0;0
[184,262];1;1;0;0
[184,263];1;1;0;0
[184,266];1;1;0;0
[184,268];1;1;0;0
[184,271];1;1;0;0
[184,272];1;1;0;0
[184,275];1;1;0;0
[184,277];1;1;0;0
[184,280];1;1;0;0
[184,281];1;1;0;0
[184,284];1;1;0;0
[184,286];1;1;0;0
[184,289];1;1;0;0
[184,290];1;1;0;0
[184,293];1;1;0;0
[184,295];1;1;0;0
[184,298];1;1;0;0
[184,299];1;1;0;0
[184,302];1;1;0;0
[184,304];1;1;0;0
[184,307];1;1;0;0
[184,308];1;1;0;0
[184,311];1;1;0;0
[184,312];1;1;0;0
[184,313];1;1;0;0
[184,316];1;1;0;0
[184,317];1;1;0;0
[184,319];1;1;0;0
[184,322];1;1;0;0
[184,325];1;1;0;0
[184,326];1;1;0;0
[184,328];1;1;0;0
[184,331];1;1;0;0
[185,203];3;0;3;0
[185,204];3;0;3;0
[185,212];3;0;3;0
[185,213];3;0;3;0
[185,221];3;0;3;0
[185,222];3;0;3;0
[185,320];3;0;3;0
[185,321];3;0;3;0
[185,329];3;0;3;0
[185,330];3;0;3;0
[186,203];3;0;3;0
[186,204];3;0;3;0
[186,212];3;0;3;0
[186,213];3;0;3;0
[186,221];3;0;3;0
[186,222];3;0;3;0
[186,320];3;0;3;0
[186,321];3;0;3;0
[186,329];3;0;3;0
[186,330];3;0;3;0
[187,190];1;1;0;0
[187,191];1;1;0;0
[187,194];1;1;0;0
[187,195];1;1;0;0
[187,196];1;1;0;0
[187,199];1;1;0;0
[187,200];1;1;0;0
[187,202];1;1;0;0
[187,205];1;1;0;0
[187,208];1;1;0;0
[187,209];1;1;0;0
[187,211];1;1;0;0
[187,214];1;1;0;0
[187,217];1;1;0;0
[187,218];1;1;0;0
[187,220];1;1;0;0
[187,223];1;1;0;0
[187,226];1;1;0;0
[187,227];1;1;0;0
[187,232];1;1;0;0
[187,235];1;1;0;0
[187,236];1;1;0;0
[187,239];1;1;0;0
[187,241];1;1;0;0
[187,244];1;1;0;0
[187,245];1;1;0;0
[187,248];1;1;0;0
[187,250];1;1;0;0
[187,253];1;1;0;0
[187,254];1;1;0;0
[187,257];1;1;0;0
[187,259];1;1;0;0
[187,262];1;1;0;0
[187,263];1;1;0;0
[187,266];1;1;0;0
[187,268];1;1;0;0
[187,271];1;1;0;0
[187,272];1;1;0;0
[187,275];1;1;0;0
[187,277];1;1;0;0
[187,280];1;1;0;0
[187,281];1;1;0;0
[187,284];1;1;0;0
[187,286];1;1;0;0
[187,289];1;1;0;0
[187,290];1;1;0;0
[187,293];1;1;0;0
[187,295];1;1;0;0
[187,298];1;1;0;0
[187,299];1;1;0;0
[187,302];1;1;0;0
[187,304];1;1;0;0
[187,307];1;1;0;0
[187,308];1;1;0;0
[187,311];1;1;0;0
[187,312];1;1;0;0
[187,313];1;1;0;0
[187,316];1;1;0;0
[187,317];1;1;0;0
[187,319];1;1;0;0
[187,322];1;1;0;0
[187,325];1;1;0;0
[187,326];1;1;0;0
[187,328];1;1;0;0
[187,331];1;1;0;0
[190,194];1;1;0;0
[190,195];1;1;0;0
[190,199];1;1;0;0
[190,200];1;1;0;0
[190,202];1;1;0;0
[190,205];1;1;0;0
[190,208];1;1;0;0
[190,209];1;1;0;0
[190,211];1;1;0;0
[190,214];1;1;0;0
[190,217];1;1;0;0
[190,218];1;1;0;0
[190,220];1;1;0;0
[190,223];1;1;0;0
[190,226];1;1;0;0
[190,227];1;1;0;0
[190,232];1;1;0;0
[190,235];1;1;0;0
[190,236];1;1;0;0
[190,239];1;1;0;0
[190,241];1;1;0;0
[190,244];1;1;0;0
[190,245];1;1;0;0
[190,248];1;1;0;0
[190,250];1;1;0;0
[190,253];1;1;0;0
[190,254];1;1;0;0
[190,257];1;1;0;0
[190,259];1;1;0;0
[190,262];1;1;0;0
[190,263];1;1;0;0
[190,266];1;1;0;0
[190,268];1;1;0;0
[190,271];1;1;0;0
[190,272];1;1;0;0
[190,275];1;1;0;0
[190,277];1;1;0;0
[190,280];1;1;0;0
[190,281];1;1;0;0
[190,284];1;1;0;0
[190,286];1;1;0;0
[190,289];1;1;0;0
[190,290];1;1;0;0
[190,293];1;1;0;0
[190,295];1;1;0;0
[190,298];1;1;0;0
[190,299];1;1;0;0
[190,302];1;1;0;0
[190,304];1;1;0;0
[190,307];1;1;0;0
[190,308];1;1;0;0
[190,311];1;1;0;0
[190,312];1;1;0;0
[190,313];1;1;0;0
[190,316];1;1;0;0
[190,317];1;1;0;0
[190,319];1;1;0;0
[190,322];1;1;0;0
[190,325];1;1;0;0
[190,326];1;1;0;0
[190,328];1;1;0;0
[190,331];1;1;0;0
[191,194];1;1;0;0
[191,195];1;1;0;0
[191,199];1;1;0;0
[191,200];1;1;0;0
[191,202];1;1;0;0
[191,205];1;1;0;0
[191,208];1;1;0;0
[191,209];1;1;0;0
[191,211];1;1;0;0
[191,214];1;1;0;0
[191,217];1;1;0;0
[191,218];1;1;0;0
[191,220];1;1;0;0
[191,223];1;1;0;0
[191,226];1;1;0;0
[191,227];1;1;0;0
[191,232];1;1;0;0
[191,235];1;1;0;0
[191,236];1;1;0;0
[191,239];1;1;0;0
[191,241];1;1;0;0
[191,244];1;1;0;0
[191,245];1;1;0;0
[191,248];1;1;0;0
[191,250];1;1;0;0
[191,253];1;1;0;0
[191,254];1;1;0;0
[191,257];1;1;0;0
[191,259];1;1;0;0
[191,262];1;1;0;0
[191,263];1;1;0;0
[191,266];1;1;0;0
[191,268];1;1;0;0
[191,271];1;1;0;0
[191,272];1;1;0;0
[191,275];1;1;0;0
[191,277];1;1;0;0
[191,280];1;1;0;0
[191,281];1;1;0;0
[191,284];1;1;0;0
[191,286];1;1;0;0
[191,289];1;1;0;0
[191,290];1;1;0;0
[191,293];1;1;0;0
[191,295];1;1;0;0
[191,298];1;1;0;0
[191,299];1;1;0;0
[191,302];1;1;0;0
[191,304];1;1;0;0
[191,307];1;1;0;0
[191,308];1;1;0;0
[191,311];1;1;0;0
[191,312];1;1;0;0
[191,313];1;1;0;0
[191,316];1;1;0;0
[191,317];1;1;0;0
[191,319];1;1;0;0
[191,322];1;1;0;0
[191,325];1;1;0;0
[191,326];1;1;0;0
[191,328];1;1;0;0
[191,331];1;1;0;0
[194,199];1;1;0;0
[194,200];1;1;0;0
[194,202];1;1;0;0
[194,205];1;1;0;0
[194,208];1;1;0;0
[194,209];1;1;0;0
[194,211];1;1;0;0
[194,214];1;1;0;0
[194,217];1;1;0;0
[194,218];1;1;0;0
[194,220];1;1;0;0
[194,223];1;1;0;0
[194,226];1;1;0;0
[194,227];1;1;0;0
[194,232];1;1;0;0
[194,235];1;1;0;0
[194,236];1;1;0;0
[194,239];1;1;0;0
[194,241];1;1;0;0
[194,244];1;1;0;0
[194,245];1;1;0;0
[194,248];1;1;0;0
[194,250];1;1;0;0
[194,253];1;1;0;0
[194,254];1;1;0;0
[194,257];1;1;0;0
[194,259];1;1;0;0
[194,262];1;1;0;0
[194,263];1;1;0;0
[194,266];1;1;0;0
[194,268];1;1;0;0
[194,271];1;1;0;0
[194,272];1;1;0;0
[194,275];1;1;0;0
[194,277];1;1;0;0
[194,280];1;1;0;0
[194,281];1;1;0;0
[194,284];1;1;0;0
[194,286];1;1;0;0
[194,289];1;1;0;0
[194,290];1;1;0;0
[194,293];1;1;0;0
[194,295];1;1;0;0
[194,298];1;1;0;0
[194,299];1;1;0;0
[194,302];1;1;0;0
[194,304];1;1;0;0
[194,307];1;1;0;0
[194,308];1;1;0;0
[194,311];1;1;0;0
[194,312];1;1;0;0
[194,313];1;1;0;0
[194,316];1;1;0;0
[194,317];1;1;0;0
[194,319];1;1;0;0
[194,322];1;1;0;0
[194,325];1;1;0;0
[194,326];1;1;0;0
[194,328];1;1;0;0
[194,331];1;1;0;0
[195,199];1;1;0;0
[195,200];1;1;0;0
[195,202];1;1;0;0
[195,205];1;1;0;0
[195,208];1;1;0;0
[195,209];1;1;0;0
[195,211];1;1;0;0
[195,214];1;1;0;0
[195,217];1;1;0;0
[195,218];1;1;0;0
[195,220];1;1;0;0
[195,223];1;1;0;0
[195,226];1;1;0;0
[195,227];1;1;0;0
[195,232];1;1;0;0
[195,235];1;1;0;0
[195,236];1;1;0;0
[195,239];1;1;0;0
[195,241];1;1;0;0
[195,244];1;1;0;0
[195,245];1;1;0;0
[195,248];1;1;0;0
[195,250];1;1;0;0
[195,253];1;1;0;0
[195,254];1;1;0;0
[195,257];1;1;0;0
[195,259];1;1;0;0
[195,262];1;1;0;0
[195,263];1;1;0;0
[195,266];1;1;0;0
[195,268];1;1;0;0
[195,271];1;1;0;0
[195,272];1;1;0;0
[195,275];1;1;0;0
[195,277];1;1;0;0
[195,280];1;1;0;0
[195,281];1;1;0;0
[195,284];1;1;0;0
[195,286];1;1;0;0
[195,289];1;1;0;0
[195,290];1;1;0;0
[195,293];1;1;0;0
[195,295];1;1;0;0
[195,298];1;1;0;0
[195,299];1;1;0;0
[195,302];1;1;0;0
[195,304];1;1;0;0
[195,307];1;1;0;0
[195,308];1;1;0;0
[195,311];1;1;0;0
[195,312];1;1;0;0
[195,313];1;1;0;0
[195,316];1;1;0;0
[195,317];1;1;0;0
[195,319];1;1;0;0
[195,322];1;1;0;0
[195,325];1;1;0;0
[195,326];1;1;0;0
[195,328];1;1;0;0
[195,331];1;1;0;0
[196,199];1;1;0;0
[196,200];1;1;0;0
[196,202];1;1;0;0
[196,205];1;1;0;0
[196,208];1;1;0;0
[196,209];1;1;0;0
[196,211];1;1;0;0
[196,214];1;1;0;0
[196,217];1;1;0;0
[196,218];1;1;0;0
[196,220];1;1;0;0
[196,223];1;1;0;0
[196,226];1;1;0;0
[196,227];1;1;0;0
[196,232];1;1;0;0
[196,235];1;1;0;0
[196,236];1;1;0;0
[196,239];1;1;0;0
[196,241];1;1;0;0
[196,244];1;1;0;0
[196,245];1;1;0;0
[196,248];1;1;0;0
[196,250];1;1;0;0
[196,253];1;1;0;0
[196,254];1;1;0;0
[196,257];1;1;0;0
[196,259];1;1;0;0
[196,262];1;1;0;0
[196,263];1;1;0;0
[196,266];1;1;0;0
[196,268];1;1;0;0
[196,271];1;1;0;0
[196,272];1;1;0;0
[196,275];1;1;0;0
[196,277];1;1;0;0
[196,280];1;1;0;0
[196,281];1;1;0;0
[196,284];1;1;0;0
[196,286];1;1;0;0
[196,289];1;1;0;0
[196,290];1;1;0;0
[196,293];1;1;0;0
[196,295];1;1;0;0
[196,298];1;1;0;0
[196,299];1;1;0;0
[196,302];1;1;0;0
[196,304];1;1;0;0
[196,307];1;1;0;0
[196,308];1;1;0;0
[196,311];1;1;0;0
[196,312];1;1;0;0
[196,313];1;1;0;0
[196,316];1;1;0;0
[196,317];1;1;0;0
[196,319];1;1;0;0
[196,322];1;1;0;0
[196,325];1;1;0;0
[196,326];1;1;0;0
[196,328];1;1;0;0
[196,331];1;1;0;0
[199,202];1;1;0;0
[199,211];1;1;0;0
[199,214];1;1;0;0
[199,220];1;1;0;0
[199,223];1;1;0;0
[199,232];1;1;0;0
[199,235];1;1;0;0
[199,236];1;1;0;0
[199,239];1;1;0;0
[199,241];1;1;0;0
[199,244];1;1;0;0
[199,245];1;1;0;0
[199,248];1;1;0;0
[199,250];1;1;0;0
[199,253];1;1;0;0
[199,254];1;1;0;0
[199,257];1;1;0;0
[199,259];1;1;0;0
[199,262];1;1;0;0
[199,263];1;1;0;0
[199,266];1;1;0;0
[199,268];1;1;0;0
[199,271];1;1;0;0
[199,272];1;1;0;0
[199,275];1;1;0;0
[199,277];1;1;0;0
[199,280];1;1;0;0
[199,281];1;1;0;0
[199,284];1;1;0;0
[199,286];1;1;0;0
[199,289];1;1;0;0
[199,290];1;1;0;0
[199,293];1;1;0;0
[199,295];1;1;0;0
[199,298];1;1;0;0
[199,299];1;1;0;0
[199,302];1;1;0;0
[199,304];1;1;0;0
[199,307];1;1;0;0
[199,308];1;1;0;0
[199,311];1;1;0;0
[199,312];1;1;0;0
[199,313];1;1;0;0
[199,316];1;1;0;0
[199,317];1;1;0;0
[199,319];1;1;0;0
[199,322];1;1;0;0
[199,325];1;1;0;0
[199,326];1;1;0;0
[199,328];1;1;0;0
[199,331];1;1;0;0
[200,202];1;1;0;0
[200,208];1;1;0;0
[200,209];1;1;0;0
[200,211];1;1;0;0
[200,214];1;1;0;0
[200,217];1;1;0;0
[200,218];1;1;0;0
[200,220];1;1;0;0
[200,223];1;1;0;0
[200,226];1;1;0;0
[200,227];1;1;0;0
[200,232];1;1;0;0
[200,235];1;1;0;0
[200,236];1;1;0;0
[200,239];1;1;0;0
[200,241];1;1;0;0
[200,244];1;1;0;0
[200,245];1;1;0;0
[200,248];1;1;0;0
[200,250];1;1;0;0
[200,253];1;1;0;0
[200,254];1;1;0;0
[200,257];1;1;0;0
[200,259];1;1;0;0
[200,262];1;1;0;0
[200,263];1;1;0;0
[200,266];1;1;0;0
[200,268];1;1;0;0
[200,271];1;1;0;0
[200,272];1;1;0;0
[200,275];1;1;0;0
[200,277];1;1;0;0
[200,280];1;1;0;0
[200,281];1;1;0;0
[200,284];1;1;0;0
[200,286];1;1;0;0
[200,289];1;1;0;0
[200,290];1;1;0;0
[200,293];1;1;0;0
[200,295];1;1;0;0
[200,298];1;1;0;0
[200,299];1;1;0;0
[200,302];1;1;0;0
[200,304];1;1;0;0
[200,307];1;1;0;0
[200,308];1;1;0;0
[200,311];1;1;0;0
[200,312];1;1;0;0
[200,313];1;1;0;0
[200,316];1;1;0;0
[200,317];1;1;0;0
[200,319];1;1;0;0
[200,322];1;1;0;0
[200,325];1;1;0;0
[200,326];1;1;0;0
[200,328];1;1;0;0
[200,331];1;1;0;0
[202,211];1;1;0;0
[202,214];1;1;0;0
[202,220];1;1;0;0
[202,223];1;1;0;0
[202,232];1;1;0;0
[202,235];1;1;0;0
[202,236];1;1;0;0
[202,239];1;1;0;0
[202,241];1;1;0;0
[202,244];1;1;0;0
[202,245];1;1;0;0
[202,248];1;1;0;0
[202,250];1;1;0;0
[202,253];1;1;0;0
[202,254];1;1;0;0
[202,257];1;1;0;0
[202,259];1;1;0;0
[202,262];1;1;0;0
[202,263];1;1;0;0
[202,266];1;1;0;0
[202,268];1;1;0;0
[202,271];1;1;0;0
[202,272];1;1;0;0
[202,275];1;1;0;0
[202,277];1;1;0;0
[202,280];1;1;0;0
[202,281];1;1;0;0
[202,284];1;1;0;0
[202,286];1;1;0;0
[202,289];1;1;0;0
[202,290];1;1;0;0
[202,293];1;1;0;0
[202,295];1;1;0;0
[202,298];1;1;0;0
[202,299];1;1;0;0
[202,302];1;1;0;0
[202,304];1;1;0;0
[202,307];1;1;0;0
[202,308];1;1;0;0
[202,311];1;1;0;0
[202,312];1;1;0;0
[202,313];1;1;0;0
[202,316];1;1;0;0
[202,317];1;1;0;0
[202,319];1;1;0;0
[202,322];1;1;0;0
[202,325];1;1;0;0
[202,326];1;1;0;0
[202,328];1;1;0;0
[202,331];1;1;0;0
[203,212];3;0;3;0
[203,213];3;0;3;0
[203,221];3;0;3;0
[203,222];3;0;3;0
[203,320];3;0;3;0
[203,321];3;0;3;0
[203,329];3;0;3;0
[203,330];3;0;3;0
[204,212];3;0;3;0
[204,213];3;0;3;0
[204,221];3;0;3;0
[204,222];3;0;3;0
[204,320];3;0;3;0
[204,321];3;0;3;0
[204,329];3;0;3;0
[204,330];3;0;3;0
[205,208];1;1;0;0
[205,209];1;1;0;0
[205,211];1;1;0;0
[205,214];1;1;0;0
[205,217];1;1;0;0
[205,218];1;1;0;0
[205,220];1;1;0;0
[205,223];1;1;0;0
[205,226];1;1;0;0
[205,227];1;1;0;0
[205,232];1;1;0;0
[205,235];1;1;0;0
[205,236];1;1;0;0
[205,239];1;1;0;0
[205,241];1;1;0;0
[205,244];1;1;0;0
[205,245];1;1;0;0
[205,248];1;1;0;0
[205,250];1;1;0;0
[205,253];1;1;0;0
[205,254];1;1;0;0
[205,257];1;1;0;0
[205,259];1;1;0;0
[205,262];1;1;0;0
[205,263];1;1;0;0
[205,266];1;1;0;0
[205,268];1;1;0;0
[205,271];1;1;0;0
[205,272];1;1;0;0
[205,275];1;1;0;0
[205,277];1;1;0;0
[205,280];1;1;0;0
[205,281];1;1;0;0
[205,284];1;1;0;0
[205,286];1;1;0;0
[205,289];1;1;0;0
[205,290];1;1;0;0
[205,293];1;1;0;0
[205,295];1;1;0;0
[205,298];1;1;0;0
[205,299];1;1;0;0
[205,302];1;1;0;0
[205,304];1;1;0;0
[205,307];1;1;0;0
[205,308];1;1;0;0
[205,311];1;1;0;0
[205,312];1;1;0;0
[205,313];1;1;0;0
[205,316];1;1;0;0
[205,317];1;1;0;0
[205,319];1;1;0;0
[205,322];1;1;0;0
[205,325];1;1;0;0
[205,326];1;1;0;0
[205,328];1;1;0;0
[205,331];1;1;0;0
[208,211];1;1;0;0
[208,220];1;1;0;0
[208,223];1;1;0;0
[208,232];1;1;0;0
[208,235];1;1;0;0
[208,236];1;1;0;0
[208,239];1;1;0;0
[208,241];1;1;0;0
[208,244];1;1;0;0
[208,245];1;1;0;0
[208,248];1;1;0;0
[208,250];1;1;0;0
[208,253];1;1;0;0
[208,254];1;1;0;0
[208,257];1;1;0;0
[208,259];1;1;0;0
[208,262];1;1;0;0
[208,263];1;1;0;0
[208,266];1;1;0;0
[208,268];1;1;0;0
[208,271];1;1;0;0
[208,272];1;1;0;0
[208,275];1;1;0;0
[208,277];1;1;0;0
[208,280];1;1;0;0
[208,281];1;1;0;0
[208,284];1;1;0;0
[208,286];1;1;0;0
[208,289];1;1;0;0
[208,290];1;1;0;0
[208,293];1;1;0;0
[208,295];1;1;0;0
[208,298];1;1;0;0
[208,299];1;1;0;0
[208,302];1;1;0;0
[208,304];1;1;0;0
[208,307];1;1;0;0
[208,308];1;1;0;0
[208,311];1;1;0;0
[208,312];1;1;0;0
[208,313];1;1;0;0
[208,316];1;1;0;0
[208,317];1;1;0;0
[208,319];1;1;0;0
[208,322];1;1;0;0
[208,325];1;1;0;0
[208,326];1;1;0;0
[208,328];1;1;0;0
[208,331];1;1;0;0
[209,211];1;1;0;0
[209,217];1;1;0;0
[209,218];1;1;0;0
[209,220];1;1;0;0
[209,223];1;1;0;0
[209,226];1;1;0;0
[209,227];1;1;0;0
[209,232];1;1;0;0
[209,235];1;1;0;0
[209,236];1;1;0;0
[209,239];1;1;0;0
[209,241];1;1;0;0
[209,244];1;1;0;0
[209,245];1;1;0;0
[209,248];1;1;0;0
[209,250];1;1;0;0
[209,253];1;1;0;0
[209,254];1;1;0;0
[209,257];1;1;0;0
[209,259];1;1;0;0
[209,262];1;1;0;0
[209,263];1;1;0;0
[209,266];1;1;0;0
[209,268];1;1;0;0
[209,271];1;1;0;0
[209,272];1;1;0;0
[209,275];1;1;0;0
[209,277];1;1;0;0
[209,280];1;1;0;0
[209,281];1;1;0;0
[209,284];1;1;0;0
[209,286];1;1;0;0
[209,289];1;1;0;0
[209,290];1;1;0;0
[209,293];1;1;0;0
[209,295];1;1;0;0
[209,298];1;1;0;0
[209,299];1;1;0;0
[209,302];1;1;0;0
[209,304];1;1;0;0
[209,307];1;1;0;0
[209,308];1;1;0;0
[209,311];1;1;0;0
[209,312];1;1;0;0
[209,313];1;1;0;0
[209,316];1;1;0;0
[209,317];1;1;0;0
[209,319];1;1;0;0
[209,322];1;1;0;0
[209,325];1;1;0;0
[209,326];1;1;0;0
[209,328];1;1;0;0
[209,331];1;1;0;0
[211,220];1;1;0;0
[211,223];1;1;0;0
[211,232];1;1;0;0
[211,235];1;1;0;0
[211,236];1;1;0;0
[211,239];1;1;0;0
[211,241];1;1;0;0
[211,244];1;1;0;0
[211,245];1;1;0;0
[211,248];1;1;0;0
[211,250];1;1;0;0
[211,253];1;1;0;0
[211,254];1;1;0;0
[211,257];1;1;0;0
[211,259];1;1;0;0
[211,262];1;1;0;0
[211,263];1;1;0;0
[211,266];1;1;0;0
[211,268];1;1;0;0
[211,271];1;1;0;0
[211,272];1;1;0;0
[211,275];1;1;0;0
[211,277];1;1;0;0
[211,280];1;1;0;0
[211,281];1;1;0;0
[211,284];1;1;0;0
[211,286];1;1;0;0
[211,289];1;1;0;0
[211,290];1;1;0;0
[211,293];1;1;0;0
[211,295];1;1;0;0
[211,298];1;1;0;0
[211,299];1;1;0;0
[211,302];1;1;0;0
[211,304];1;1;0;0
[211,307];1;1;0;0
[211,308];1;1;0;0
[211,311];1;1;0;0
[211,312];1;1;0;0
[211,313];1;1;0;0
[211,316];1;1;0;0
[211,317];1;1;0;0
[211,319];1;1;0;0
[211,322];1;1;0;0
[211,325];1;1;0;0
[211,326];1;1;0;0
[211,328];1;1;0;0
[211,331];1;1;0;0
[212,221];3;0;3;0
[212,222];3;0;3;0
[212,320];3;0;3;0
[212,321];3;0;3;0
[212,329];3;0;3;0
[212,330];3;0;3;0
[213,221];3;0;3;0
[213,222];3;0;3;0
[213,320];3;0;3;0
[213,321];3;0;3;0
[213,329];3;0;3;0
[213,330];3;0;3;0
[214,217];1;1;0;0
[214,218];1;1;0;0
[214,220];1;1;0;0
[214,223];1;1;0;0
[214,226];1;1;0;0
[214,227];1;1;0;0
[214,232];1;1;0;0
[214,235];1;1;0;0
[214,236];1;1;0;0
[214,239];1;1;0;0
[214,241];1;1;0;0
[214,244];1;1;0;0
[214,245];1;1;0;0
[214,248];1;1;0;0
[214,250];1;1;0;0
[214,253];1;1;0;0
[214,254];1;1;0;0
[214,257];1;1;0;0
[214,259];1;1;0;0
[214,262];1;1;0;0
[214,263];1;1;0;0
[214,266];1;1;0;0
[214,268];1;1;0;0
[214,271];1;1;0;0
[214,272];1;1;0;0
[214,275];1;1;0;0
[214,277];1;1;0;0
[214,280];1;1;0;0
[214,281];1;1;0;0
[214,284];1;1;0;0
[214,286];1;1;0;0
[214,289];1;1;0;0
[214,290];1;1;0;0
[214,293];1;1;0;0
[214,295];1;1;0;0
[214,298];1;1;0;0
[214,299];1;1;0;0
[214,302];1;1;0;0
[214,304];1;1;0;0
[214,307];1;1;0;0
[214,308];1;1;0;0
[214,311];1;1;0;0
[214,312];1;1;0;0
[214,313];1;1;0;0
[214,316];1;1;0;0
[214,317];1;1;0;0
[214,319];1;1;0;0
[214,322];1;1;0;0
[214,325];1;1;0;0
[214,326];1;1;0;0
[214,328];1;1;0;0
[214,331];1;1;0;0
[217,220];1;1;0;0
[217,232];1;1;0;0
[217,235];1;1;0;0
[217,236];1;1;0;0
[217,239];1;1;0;0
[217,241];1;1;0;0
[217,244];1;1;0;0
[217,245];1;1;0;0
[217,248];1;1;0;0
[217,250];1;1;0;0
[217,253];1;1;0;0
[217,254];1;1;0;0
[217,257];1;1;0;0
[217,259];1;1;0;0
[217,262];1;1;0;0
[217,263];1;1;0;0
[217,266];1;1;0;0
[217,268];1;1;0;0
[217,271];1;1;0;0
[217,272];1;1;0;0
[217,275];1;1;0;0
[217,277];1;1;0;0
[217,280];1;1;0;0
[217,281];1;1;0;0
[217,284];1;1;0;0
[217,286];1;1;0;0
[217,289];1;1;0;0
[217,290];1;1;0;0
[217,293];1;1;0;0
[217,295];1;1;0;0
[217,298];1;1;0;0
[217,299];1;1;0;0
[217,302];1;1;0;0
[217,304];1;1;0;0
[217,307];1;1;0;0
[217,308];1;1;0;0
[217,311];1;1;0;0
[217,312];1;1;0;0
[217,313];1;1;0;0
[217,316];1;1;0;0
[217,317];1;1;0;0
[217,319];1;1;0;0
[217,322];1;1;0;0
[217,325];1;1;0;0
[217,326];1;1;0;0
[217,328];1;1;0;0
[217,331];1;1;0;0
[218,220];1;1;0;0
[218,226];1;1;0;0
[218,227];1;1;0;0
[218,232];1;1;0;0
[218,235];1;1;0;0
[218,236];1;1;0;0
[218,239];1;1;0;0
[218,241];1;1;0;0
[218,244];1;1;0;0
[218,245];1;1;0;0
[218,248];1;1;0;0
[218,250];1;1;0;0
[218,253];1;1;0;0
[218,254];1;1;0;0
[218,257];1;1;0;0
[218,259];1;1;0;0
[218,262];1;1;0;0
[218,263];1;1;0;0
[218,266];1;1;0;0
[218,268];1;1;0;0
[218,271];1;1;0;0
[218,272];1;1;0;0
[218,275];1;1;0;0
[218,277];1;1;0;0
[218,280];1;1;0;0
[218,281];1;1;0;0
[218,284];1;1;0;0
[218,286];1;1;0;0
[218,289];1;1;0;0
[218,290];1;1;0;0
[218,293];1;1;0;0
[218,295];1;1;0;0
[218,298];1;1;0;0
[218,299];1;1;0;0
[218,302];1;1;0;0
[218,304];1;1;0;0
[218,307];1;1;0;0
[218,308];1;1;0;0
[218,311];1;1;0;0
[218,312];1;1;0;0
[218,313];1;1;0;0
[218,316];1;1;0;0
[218,317];1;1;0;0
[218,319];1;1;0;0
[218,322];1;1;0;0
[218,325];1;1;0;0
[218,326];1;1;0;0
[218,328];1;1;0;0
[218,331];1;1;0;0
[220,232];1;1;0;0
[220,235];1;1;0;0
[220,236];1;1;0;0
[220,239];1;1;0;0
[220,241];1;1;0;0
[220,244];1;1;0;0
[220,245];1;1;0;0
[220,248];1;1;0;0
[220,250];1;1;0;0
[220,253];1;1;0;0
[220,254];1;1;0;0
[220,257];1;1;0;0
[220,259];1;1;0;0
[220,262];1;1;0;0
[220,263];1;1;0;0
[220,266];1;1;0;0
[220,268];1;1;0;0
[220,271];1;1;0;0
[220,272];1;1;0;0
[220,275];1;1;0;0
[220,277];1;1;0;0
[220,280];1;1;0;0
[220,281];1;1;0;0
[220,284];1;1;0;0
[220,286];1;1;0;0
[220,289];1;1;0;0
[220,290];1;1;0;0
[220,293];1;1;0;0
[220,295];1;1;0;0
[220,298];1;1;0;0
[220,299];1;1;0;0
[220,302];1;1;0;0
[220,304];1;1;0;0
[220,307];1;1;0;0
[220,308];1;1;0;0
[220,311];1;1;0;0
[220,312];1;1;0;0
[220,313];1;1;0;0
[220,316];1;1;0;0
[220,317];1;1;0;0
[220,319];1;1;0;0
[220,322];1;1;0;0
[220,325];1;1;0;0
[220,326];1;1;0;0
[220,328];1;1;0;0
[220,331];1;1;0;0
[221,320];3;0;3;0
[221,321];3;0;3;0
[221,329];3;0;3;0
[221,330];3;0;3;0
[222,320];3;0;3;0
[222,321];3;0;3;0
[222,329];3;0;3;0
[222,330];3;0;3;0
[223,226];1;1;0;0
[223,227];1;1;0;0
[223,232];1;1;0;0
[223,235];1;1;0;0
[223,236];1;1;0;0
[223,239];1;1;0;0
[223,241];1;1;0;0
[223,244];1;1;0;0
[223,245];1;1;0;0
[223,248];1;1;0;0
[223,250];1;1;0;0
[223,253];1;1;0;0
[223,254];1;1;0;0
[223,257];1;1;0;0
[223,259];1;1;0;0
[223,262];1;1;0;0
[223,263];1;1;0;0
[223,266];1;1;0;0
[223,268];1;1;0;0
[223,271];1;1;0;0
[223,272];1;1;0;0
[223,275];1;1;0;0
[223,277];1;1;0;0
[223,280];1;1;0;0
[223,281];1;1;0;0
[223,284];1;1;0;0
[223,286];1;1;0;0
[223,289];1;1;0;0
[223,290];1;1;0;0
[223,293];1;1;0;0
[223,295];1;1;0;0
[223,298];1;1;0;0
[223,299];1;1;0;0
[223,302];1;1;0;0
[223,304];1;1;0;0
[223,307];1;1;0;0
[223,308];1;1;0;0
[223,311];1;1;0;0
[223,312];1;1;0;0
[223,313];1;1;0;0
[223,316];1;1;0;0
[223,317];1;1;0;0
[223,319];1;1;0;0
[223,322];1;1;0;0
[223,325];1;1;0;0
[223,326];1;1;0;0
[223,328];1;1;0;0
[223,331];1;1;0;0
[226,235];1;1;0;0
[226,236];1;1;0;0
[226,239];1;1;0;0
[226,241];1;1;0;0
[226,244];1;1;0;0
[226,245];1;1;0;0
[226,248];1;1;0;0
[226,250];1;1;0;0
[226,253];1;1;0;0
[226,254];1;1;0;0
[226,257];1;1;0;0
[226,259];1;1;0;0
[226,262];1;1;0;0
[226,263];1;1;0;0
[226,266];1;1;0;0
[226,268];1;1;0;0
[226,271];1;1;0;0
[226,272];1;1;0;0
[226,275];1;1;0;0
[226,277];1;1;0;0
[226,280];1;1;0;0
[226,281];1;1;0;0
[226,284];1;1;0;0
[226,286];1;1;0;0
[226,289];1;1;0;0
[226,290];1;1;0;0
[226,293];1;1;0;0
[226,295];1;1;0;0
[226,298];1;1;0;0
[226,299];1;1;0;0
[226,302];1;1;0;0
[226,304];1;1;0;0
[226,307];1;1;0;0
[226,308];1;1;0;0
[226,311];1;1;0;0
[226,312];1;1;0;0
[226,313];1;1;0;0
[226,316];1;1;0;0
[226,317];1;1;0;0
[226,319];1;1;0;0
[226,322];1;1;0;0
[226,325];1;1;0;0
[226,326];1;1;0;0
[226,328];1;1;0;0
[226,331];1;1;0;0
[227,235];1;1;0;0
[227,236];1;1;0;0
[227,239];1;1;0;0
[227,241];1;1;0;0
[227,244];1;1;0;0
[227,245];1;1;0;0
[227,248];1;1;0;0
[227,250];1;1;0;0
[227,253];1;1;0;0
[227,254];1;1;0;0
[227,257];1;1;0;0
[227,259];1;1;0;0
[227,262];1;1;0;0
[227,263];1;1;0;0
[227,266];1;1;0;0
[227,268];1;1;0;0
[227,271];1;1;0;0
[227,272];1;1;0;0
[227,275];1;1;0;0
[227,277];1;1;0;0
[227,280];1;1;0;0
[227,281];1;1;0;0
[227,284];1;1;0;0
[227,286];1;1;0;0
[227,289];1;1;0;0
[227,290];1;1;0;0
[227,293];1;1;0;0
[227,295];1;1;0;0
[227,298];1;1;0;0
[227,299];1;1;0;0
[227,302];1;1;0;0
[227,304];1;1;0;0
[227,307];1;1;0;0
[227,308];1;1;0;0
[227,311];1;1;0;0
[227,312];1;1;0;0
[227,313];1;1;0;0
[227,316];1;1;0;0
[227,317];1;1;0;0
[227,319];1;1;0;0
[227,322];1;1;0;0
[227,325];1;1;0;0
[227,326];1;1;0;0
[227,328];1;1;0;0
[227,331];1;1;0;0
[232,235];1;1;0;0
[232,236];1;1;0;0
[232,239];1;1;0;0
[232,241];1;1;0;0
[232,244];1;1;0;0
[232,245];1;1;0;0
[232,248];1;1;0;0
[232,250];1;1;0;0
[232,253];1;1;0;0
[232,254];1;1;0;0
[232,257];1;1;0;0
[232,259];1;1;0;0
[232,262];1;1;0;0
[232,263];1;1;0;0
[232,266];1;1;0;0
[232,268];1;1;0;0
[232,271];1;1;0;0
[232,272];1;1;0;0
[232,275];1;1;0;0
[232,277];1;1;0;0
[232,280];1;1;0;0
[232,281];1;1;0;0
[232,284];1;1;0;0
[232,286];1;1;0;0
[232,289];1;1;0;0
[232,290];1;1;0;0
[232,293];1;1;0;0
[232,295];1;1;0;0
[232,298];1;1;0;0
[232,299];1;1;0;0
[232,302];1;1;0;0
[232,304];1;1;0;0
[232,307];1;1;0;0
[232,308];1;1;0;0
[232,311];1;1;0;0
[232,312];1;1;0;0
[232,313];1;1;0;0
[232,316];1;1;0;0
[232,317];1;1;0;0
[232,319];1;1;0;0
[232,322];1;1;0;0
[232,325];1;1;0;0
[232,326];1;1;0;0
[232,328];1;1;0;0
[232,331];1;1;0;0
[235,239];1;1;0;0
[235,244];1;1;0;0
[235,245];1;1;0;0
[235,248];1;1;0;0
[235,250];1;1;0;0
[235,253];1;1;0;0
[235,254];1;1;0;0
[235,257];1;1;0;0
[235,259];1;1;0;0
[235,262];1;1;0;0
[235,263];1;1;0;0
[235,266];1;1;0;0
[235,268];1;1;0;0
[235,271];1;1;0;0
[235,272];1;1;0;0
[235,275];1;1;0;0
[235,277];1;1;0;0
[235,280];1;1;0;0
[235,281];1;1;0;0
[235,284];1;1;0;0
[235,286];1;1;0;0
[235,289];1;1;0;0
[235,290];1;1;0;0
[235,293];1;1;0;0
[235,295];1;1;0;0
[235,298];1;1;0;0
[235,299];1;1;0;0
[235,302];1;1;0;0
[235,304];1;1;0;0
[235,307];1;1;0;0
[235,308];1;1;0;0
[235,311];1;1;0;0
[235,312];1;1;0;0
[235,313];1;1;0;0
[235,316];1;1;0;0
[235,317];1;1;0;0
[235,319];1;1;0;0
[235,322];1;1;0;0
[235,325];1;1;0;0
[235,326];1;1;0;0
[235,328];1;1;0;0
[235,331];1;1;0;0
[236,239];1;1;0;0
[236,244];1;1;0;0
[236,245];1;1;0;0
[236,248];1;1;0;0
[236,250];1;1;0;0
[236,253];1;1;0;0
[236,254];1;1;0;0
[236,257];1;1;0;0
[236,259];1;1;0;0
[236,262];1;1;0;0
[236,263];1;1;0;0
[236,266];1;1;0;0
[236,268];1;1;0;0
[236,271];1;1;0;0
[236,272];1;1;0;0
[236,275];1;1;0;0
[236,277];1;1;0;0
[236,280];1;1;0;0
[236,281];1;1;0;0
[236,284];1;1;0;0
[236,286];1;1;0;0
[236,289];1;1;0;0
[236,290];1;1;0;0
[236,293];1;1;0;0
[236,295];1;1;0;0
[236,298];1;1;0;0
[236,299];1;1;0;0
[236,302];1;1;0;0
[236,304];1;1;0;0
[236,307];1;1;0;0
[236,308];1;1;0;0
[236,311];1;1;0;0
[236,312];1;1;0;0
[236,313];1;1;0;0
[236,316];1;1;0;0
[236,317];1;1;0;0
[236,319];1;1;0;0
[236,322];1;1;0;0
[236,325];1;1;0;0
[236,326];1;1;0;0
[236,328];1;1;0;0
[236,331];1;1;0;0
[239,244];1;1;0;0
[239,245];1;1;0;0
[239,248];1;1;0;0
[239,250];1;1;0;0
[239,253];1;1;0;0
[239,254];1;1;0;0
[239,257];1;1;0;0
[239,259];1;1;0;0
[239,262];1;1;0;0
[239,263];1;1;0;0
[239,266];1;1;0;0
[239,268];1;1;0;0
[239,271];1;1;0;0
[239,272];1;1;0;0
[239,275];1;1;0;0
[239,277];1;1;0;0
[239,280];1;1;0;0
[239,281];1;1;0;0
[239,284];1;1;0;0
[239,286];1;1;0;0
[239,289];1;1;0;0
[239,290];1;1;0;0
[239,293];1;1;0;0
[239,295];1;1;0;0
[239,298];1;1;0;0
[239,299];1;1;0;0
[239,302];1;1;0;0
[239,304];1;1;0;0
[239,307];1;1;0;0
[239,308];1;1;0;0
[239,311];1;1;0;0
[239,312];1;1;0;0
[239,313];1;1;0;0
[239,316];1;1;0;0
[239,317];1;1;0;0
[239,319];1;1;0;0
[239,322];1;1;0;0
[239,325];1;1;0;0
[239,326];1;1;0;0
[239,328];1;1;0;0
[239,331];1;1;0;0
[241,244];1;1;0;0
[241,245];1;1;0;0
[241,248];1;1;0;0
[241,250];1;1;0;0
[241,253];1;1;0;0
[241,254];1;1;0;0
[241,257];1;1;0;0
[241,259];1;1;0;0
[241,262];1;1;0;0
[241,263];1;1;0;0
[241,266];1;1;0;0
[241,268];1;1;0;0
[241,271];1;1;0;0
[241,272];1;1;0;0
[241,275];1;1;0;0
[241,277];1;1;0;0
[241,280];1;1;0;0
[241,281];1;1;0;0
[241,284];1;1;0;0
[241,286];1;1;0;0
[241,289];1;1;0;0
[241,290];1;1;0;0
[241,293];1;1;0;0
[241,295];1;1;0;0
[241,298];1;1;0;0
[241,299];1;1;0;0
[241,302];1;1;0;0
[241,304];1;1;0;0
[241,307];1;1;0;0
[241,308];1;1;0;0
[241,311];1;1;0;0
[241,312];1;1;0;0
[241,313];1;1;0;0
[241,316];1;1;0;0
[241,317];1;1;0;0
[241,319];1;1;0;0
[241,322];1;1;0;0
[241,325];1;1;0;0
[241,326];1;1;0;0
[241,328];1;1;0;0
[241,331];1;1;0;0
[244,248];1;1;0;0
[244,253];1;1;0;0
[244,254];1;1;0;0
[244,257];1;1;0;0
[244,259];1;1;0;0
[244,262];1;1;0;0
[244,263];1;1;0;0
[244,266];1;1;0;0
[244,268];1;1;0;0
[244,271];1;1;0;0
[244,272];1;1;0;0
[244,275];1;1;0;0
[244,277];1;1;0;0
[244,280];1;1;0;0
[244,281];1;1;0;0
[244,284];1;1;0;0
[244,286];1;1;0;0
[244,289];1;1;0;0
[244,290];1;1;0;0
[244,293];1;1;0;0
[244,295];1;1;0;0
[244,298];1;1;0;0
[244,299];1;1;0;0
[244,302];1;1;0;0
[244,304];1;1;0;0
[244,307];1;1;0;0
[244,308];1;1;0;0
[244,311];1;1;0;0
[244,312];1;1;0;0
[244,313];1;1;0;0
[244,316];1;1;0;0
[244,317];1;1;0;0
[244,319];1;1;0;0
[244,322];1;1;0;0
[244,325];1;1;0;0
[244,326];1;1;0;0
[244,328];1;1;0;0
[244,331];1;1;0;0
[245,248];1;1;0;0
[245,253];1;1;0;0
[245,254];1;1;0;0
[245,257];1;1;0;0
[245,259];1;1;0;0
[245,262];1;1;0;0
[245,263];1;1;0;0
[245,266];1;1;0;0
[245,268];1;1;0;0
[245,271];1;1;0;0
[245,272];1;1;0;0
[245,275];1;1;0;0
[245,277];1;1;0;0
[245,280];1;1;0;0
[245,281];1;1;0;0
[245,284];1;1;0;0
[245,286];1;1;0;0
[245,289];1;1;0;0
[245,290];1;1;0;0
[245,293];1;1;0;0
[245,295];1;1;0;0
[245,298];1;1;0;0
[245,299];1;1;0;0
[245,302];1;1;0;0
[245,304];1;1;0;0
[245,307];1;1;0;0
[245,308];1;1;0;0
[245,311];1;1;0;0
[245,312];1;1;0;0
[245,313];1;1;0;0
[245,316];1;1;0;0
[245,317];1;1;0;0
[245,319];1;1;0;0
[245,322];1;1;0;0
[245,325];1;1;0;0
[245,326];1;1;0;0
[245,328];1;1;0;0
[245,331];1;1;0;0
[248,253];1;1;0;0
[248,254];1;1;0;0
[248,257];1;1;0;0
[248,259];1;1;0;0
[248,262];1;1;0;0
[248,263];1;1;0;0
[248,266];1;1;0;0
[248,268];1;1;0;0
[248,271];1;1;0;0
[248,272];1;1;0;0
[248,275];1;1;0;0
[248,277];1;1;0;0
[248,280];1;1;0;0
[248,281];1;1;0;0
[248,284];1;1;0;0
[248,286];1;1;0;0
[248,289];1;1;0;0
[248,290];1;1;0;0
[248,293];1;1;0;0
[248,295];1;1;0;0
[248,298];1;1;0;0
[248,299];1;1;0;0
[248,302];1;1;0;0
[248,304];1;1;0;0
[248,307];1;1;0;0
[248,308];1;1;0;0
[248,311];1;1;0;0
[248,312];1;1;0;0
[248,313];1;1;0;0
[248,316];1;1;0;0
[248,317];1;1;0;0
[248,319];1;1;0;0
[248,322];1;1;0;0
[248,325];1;1;0;0
[248,326];1;1;0;0
[248,328];1;1;0;0
[248,331];1;1;0;0
[250,253];1;1;0;0
[250,254];1;1;0;0
[250,257];1;1;0;0
[250,259];1;1;0;0
[250,262];1;1;0;0
[250,263];1;1;0;0
[250,266];1;1;0;0
[250,268];1;1;0;0
[250,271];1;1;0;0
[250,272];1;1;0;0
[250,275];1;1;0;0
[250,277];1;1;0;0
[250,280];1;1;0;0
[250,281];1;1;0;0
[250,284];1;1;0;0
[250,286];1;1;0;0
[250,289];1;1;0;0
[250,290];1;1;0;0
[250,293];1;1;0;0
[250,295];1;1;0;0
[250,298];1;1;0;0
[250,299];1;1;0;0
[250,302];1;1;0;0
[250,304];1;1;0;0
[250,307];1;1;0;0
[250,308];1;1;0;0
[250,311];1;1;0;0
[250,312];1;1;0;0
[250,313];1;1;0;0
[250,316];1;1;0;0
[250,317];1;1;0;0
[250,319];1;1;0;0
[250,322];1;1;0;0
[250,325];1;1;0;0
[250,326];1;1;0;0
[250,328];1;1;0;0
[250,331];1;1;0;0
[253,257];1;1;0;0
[253,262];1;1;0;0
[253,263];1;1;0;0
[253,266];1;1;0;0
[253,268];1;1;0;0
[253,271];1;1;0;0
[253,272];1;1;0;0
[253,275];1;1;0;0
[253,277];1;1;0;0
[253,280];1;1;0;0
[253,281];1;1;0;0
[253,284];1;1;0;0
[253,286];1;1;0;0
[253,289];1;1;0;0
[253,290];1;1;0;0
[253,293];1;1;0;0
[253,295];1;1;0;0
[253,298];1;1;0;0
[253,299];1;1;0;0
[253,302];1;1;0;0
[253,304];1;1;0;0
[253,307];1;1;0;0
[253,308];1;1;0;0
[253,311];1;1;0;0
[253,312];1;1;0;0
[253,313];1;1;0;0
[253,316];1;1;0;0
[253,317];1;1;0;0
[253,319];1;1;0;0
[253,322];1;1;0;0
[253,325];1;1;0;0
[253,326];1;1;0;0
[253,328];1;1;0;0
[253,331];1;1;0;0
[254,257];1;1;0;0
[254,262];1;1;0;0
[254,263];1;1;0;0
[254,266];1;1;0;0
[254,268];1;1;0;0
[254,271];1;1;0;0
[254,272];1;1;0;0
[254,275];1;1;0;0
[254,277];1;1;0;0
[254,280];1;1;0;0
[254,281];1;1;0;0
[254,284];1;1;0;0
[254,286];1;1;0;0
[254,289];1;1;0;0
[254,290];1;1;0;0
[254,293];1;1;0;0
[254,295];1;1;0;0
[254,298];1;1;0;0
[254,299];1;1;0;0
[254,302];1;1;0;0
[254,304];1;1;0;0
[254,307];1;1;0;0
[254,308];1;1;0;0
[254,311];1;1;0;0
[254,312];1;1;0;0
[254,313];1;1;0;0
[254,316];1;1;0;0
[254,317];1;1;0;0
[254,319];1;1;0;0
[254,322];1;1;0;0
[254,325];1;1;0;0
[254,326];1;1;0;0
[254,328];1;1;0;0
[254,331];1;1;0;0
[257,262];1;1;0;0
[257,263];1;1;0;0
[257,266];1;1;0;0
[257,268];1;1;0;0
[257,271];1;1;0;0
[257,272];1;1;0;0
[257,275];1;1;0;0
[257,277];1;1;0;0
[257,280];1;1;0;0
[257,281];1;1;0;0
[257,284];1;1;0;0
[257,286];1;1;0;0
[257,289];1;1;0;0
[257,290];1;1;0;0
[257,293];1;1;0;0
[257,295];1;1;0;0
[257,298];1;1;0;0
[257,299];1;1;0;0
[257,302];1;1;0;0
[257,304];1;1;0;0
[257,307];1;1;0;0
[257,308];1;1;0;0
[257,311];1;1;0;0
[257,312];1;1;0;0
[257,313];1;1;0;0
[257,316];1;1;0;0
[257,317];1;1;0;0
[257,319];1;1;0;0
[257,322];1;1;0;0
[257,325];1;1;0;0
[257,326];1;1;0;0
[257,328];1;1;0;0
[257,331];1;1;0;0
[259,262];1;1;0;0
[259,263];1;1;0;0
[259,266];1;1;0;0
[259,268];1;1;0;0
[259,271];1;1;0;0
[259,272];1;1;0;0
[259,275];1;1;0;0
[259,277];1;1;0;0
[259,280];1;1;0;0
[259,281];1;1;0;0
[259,284];1;1;0;0
[259,286];1;1;0;0
[259,289];1;1;0;0
[259,290];1;1;0;0
[259,293];1;1;0;0
[259,295];1;1;0;0
[259,298];1;1;0;0
[259,299];1;1;0;0
[259,302];1;1;0;0
[259,304];1;1;0;0
[259,307];1;1;0;0
[259,308];1;1;0;0
[259,311];1;1;0;0
[259,312];1;1;0;0
[259,313];1;1;0;0
[259,316];1;1;0;0
[259,317];1;1;0;0
[259,319];1;1;0;0
[259,322];1;1;0;0
[259,325];1;1;0;0
[259,326];1;1;0;0
[259,328];1;1;0;0
[259,331];1;1;0;0
[262,266];1;1;0;0
[262,271];1;1;0;0
[262,272];1;1;0;0
[262,275];1;1;0;0
[262,277];1;1;0;0
[262,280];1;1;0;0
[262,281];1;1;0;0
[262,284];1;1;0;0
[262,286];1;1;0;0
[262,289];1;1;0;0
[262,290];1;1;0;0
[262,293];1;1;0;0
[262,295];1;1;0;0
[262,298];1;1;0;0
[262,299];1;1;0;0
[262,302];1;1;0;0
[262,304];1;1;0;0
[262,307];1;1;0;0
[262,308];1;1;0;0
[262,311];1;1;0;0
[262,312];1;1;0;0
[262,313];1;1;0;0
[262,316];1;1;0;0
[262,317];1;1;0;0
[262,319];1;1;0;0
[262,322];1;1;0;0
[262,325];1;1;0;0
[262,326];1;1;0;0
[262,328];1;1;0;0
[262,331];1;1;0;0
[263,266];1;1;0;0
[263,271];1;1;0;0
[263,272];1;1;0;0
[263,275];1;1;0;0
[263,277];1;1;0;0
[263,280];1;1;0;0
[263,281];1;1;0;0
[263,284];1;1;0;0
[263,286];1;1;0;0
[263,289];1;1;0;0
[263,290];1;1;0;0
[263,293];1;1;0;0
[263,295];1;1;0;0
[263,298];1;1;0;0
[263,299];1;1;0;0
[263,302];1;1;0;0
[263,304];1;1;0;0
[263,307];1;1;0;0
[263,308];1;1;0;0
[263,311];1;1;0;0
[263,312];1;1;0;0
[263,313];1;1;0;0
[263,316];1;1;0;0
[263,317];1;1;0;0
[263,319];1;1;0;0
[263,322];1;1;0;0
[263,325];1;1;0;0
[263,326];1;1;0;0
[263,328];1;1;0;0
[263,331];1;1;0;0
[266,271];1;1;0;0
[266,272];1;1;0;0
[266,275];1;1;0;0
[266,277];1;1;0;0
[266,280];1;1;0;0
[266,281];1;1;0;0
[266,284];1;1;0;0
[266,286];1;1;0;0
[266,289];1;1;0;0
[266,290];1;1;0;0
[266,293];1;1;0;0
[266,295];1;1;0;0
[266,298];1;1;0;0
[266,299];1;1;0;0
[266,302];1;1;0;0
[266,304];1;1;0;0
[266,307];1;1;0;0
[266,308];1;1;0;0
[266,311];1;1;0;0
[266,312];1;1;0;0
[266,313];1;1;0;0
[266,316];1;1;0;0
[266,317];1;1;0;0
[266,319];1;1;0;0
[266,322];1;1;0;0
[266,325];1;1;0;0
[266,326];1;1;0;0
[266,328];1;1;0;0
[266,331];1;1;0;0
[268,271];1;1;0;0
[268,272];1;1;0;0
[268,275];1;1;0;0
[268,277];1;1;0;0
[268,280];1;1;0;0
[268,281];1;1;0;0
[268,284];1;1;0;0
[268,286];1;1;0;0
[268,289];1;1;0;0
[268,290];1;1;0;0
[268,293];1;1;0;0
[268,295];1;1;0;0
[268,298];1;1;0;0
[268,299];1;1;0;0
[268,302];1;1;0;0
[268,304];1;1;0;0
[268,307];1;1;0;0
[268,308];1;1;0;0
[268,311];1;1;0;0
[268,312];1;1;0;0
[268,313];1;1;0;0
[268,316];1;1;0;0
[268,317];1;1;0;0
[268,319];1;1;0;0
[268,322];1;1;0;0
[268,325];1;1;0;0
[268,326];1;1;0;0
[268,328];1;1;0;0
[268,331];1;1;0;0
[271,275];1;1;0;0
[271,280];1;1;0;0
[271,281];1;1;0;0
[271,284];1;1;0;0
[271,286];1;1;0;0
[271,289];1;1;0;0
[271,290];1;1;0;0
[271,293];1;1;0;0
[271,295];1;1;0;0
[271,298];1;1;0;0
[271,299];1;1;0;0
[271,302];1;1;0;0
[271,304];1;1;0;0
[271,307];1;1;0;0
[271,308];1;1;0;0
[271,311];1;1;0;0
[271,312];1;1;0;0
[271,313];1;1;0;0
[271,316];1;1;0;0
[271,317];1;1;0;0
[271,319];1;1;0;0
[271,322];1;1;0;0
[271,325];1;1;0;0
[271,326];1;1;0;0
[271,328];1;1;0;0
[271,331];1;1;0;0
[272,275];1;1;0;0
[272,280];1;1;0;0
[272,281];1;1;0;0
[272,284];1;1;0;0
[272,286];1;1;0;0
[272,289];1;1;0;0
[272,290];1;1;0;0
[272,293];1;1;0;0
[272,295];1;1;0;0
[272,298];1;1;0;0
[272,299];1;1;0;0
[272,302];1;1;0;0
[272,304];1;1;0;0
[272,307];1;1;0;0
[272,308];1;1;0;0
[272,311];1;1;0;0
[272,312];1;1;0;0
[272,313];1;1;0;0
[272,316];1;1;0;0
[272,317];1;1;0;0
[272,319];1;1;0;0
[272,322];1;1;0;0
[272,325];1;1;0;0
[272,326];1;1;0;0
[272,328];1;1;0;0
[272,331];1;1;0;0
[275,280];1;1;0;0
[275,281];1;1;0;0
[275,284];1;1;0;0
[275,286];1;1;0;0
[275,289];1;1;0;0
[275,290];1;1;0;0
[275,293];1;1;0;0
[275,295];1;1;0;0
[275,298];1;1;0;0
[275,299];1;1;0;0
[275,302];1;1;0;0
[275,304];1;1;0;0
[275,307];1;1;0;0
[275,308];1;1;0;0
[275,311];1;1;0;0
[275,312];1;1;0;0
[275,313];1;1;0;0
[275,316];1;1;0;0
[275,317];1;1;0;0
[275,319];1;1;0;0
[275,322];1;1;0;0
[275,325];1;1;0;0
[275,326];1;1;0;0
[275,328];1;1;0;0
[275,331];1;1;0;0
[277,280];1;1;0;0
[277,281];1;1;0;0
[277,284];1;1;0;0
[277,286];1;1;0;0
[277,289];1;1;0;0
[277,290];1;1;0;0
[277,293];1;1;0;0
[277,295];1;1;0;0
[277,298];1;1;0;0
[277,299];1;1;0;0
[277,302];1;1;0;0
[277,304];1;1;0;0
[277,307];1;1;0;0
[277,308];1;1;0;0
[277,311];1;1;0;0
[277,312];1;1;0;0
[277,313];1;1;0;0
[277,316];1;1;0;0
[277,317];1;1;0;0
[277,319];1;1;0;0
[277,322];1;1;0;0
[277,325];1;1;0;0
[277,326];1;1;0;0
[277,328];1;1;0;0
[277,331];1;1;0;0
[280,284];1;1;0;0
[280,289];1;1;0;0
[280,290];1;1;0;0
[280,293];1;1;0;0
[280,295];1;1;0;0
[280,298];1;1;0;0
[280,299];1;1;0;0
[280,302];1;1;0;0
[280,304];1;1;0;0
[280,307];1;1;0;0
[280,308];1;1;0;0
[280,311];1;1;0;0
[280,312];1;1;0;0
[280,313];1;1;0;0
[280,316];1;1;0;0
[280,317];1;1;0;0
[280,319];1;1;0;0
[280,322];1;1;0;0
[280,325];1;1;0;0
[280,326];1;1;0;0
[280,328];1;1;0;0
[280,331];1;1;0;0
[281,284];1;1;0;0
[281,289];1;1;0;0
[281,290];1;1;0;0
[281,293];1;1;0;0
[281,295];1;1;0;0
[281,298];1;1;0;0
[281,299];1;1;0;0
[281,302];1;1;0;0
[281,304];1;1;0;0
[281,307];1;1;0;0
[281,308];1;1;0;0
[281,311];1;1;0;0
[281,312];1;1;0;0
[281,313];1;1;0;0
[281,316];1;1;0;0
[281,317];1;1;0;0
[281,319];1;1;0;0
[281,322];1;1;0;0
[281,325];1;1;0;0
[281,326];1;1;0;0
[281,328];1;1;0;0
[281,331];1;1;0;0
[284,289];1;1;0;0
[284,290];1;1;0;0
[284,293];1;1;0;0
[284,295];1;1;0;0
[284,298];1;1;0;0
[284,299];1;1;0;0
[284,302];1;1;0;0
[284,304];1;1;0;0
[284,307];1;1;0;0
[284,308];1;1;0;0
[284,311];1;1;0;0
[284,312];1;1;0;0
[284,313];1;1;0;0
[284,316];1;1;0;0
[284,317];1;1;0;0
[284,319];1;1;0;0
[284,322];1;1;0;0
[284,325];1;1;0;0
[284,326];1;1;0;0
[284,328];1;1;0;0
[284,331];1;1;0;0
[286,289];1;1;0;0
[286,290];1;1;0;0
[286,293];1;1;0;0
[286,295];1;1;0;0
[286,298];1;1;0;0
[286,299];1;1;0;0
[286,302];1;1;0;0
[286,304];1;1;0;0
[286,307];1;1;0;0
[286,308];1;1;0;0
[286,311];1;1;0;0
[286,312];1;1;0;0
[286,313];1;1;0;0
[286,316];1;1;0;0
[286,317];1;1;0;0
[286,319];1;1;0;0
[286,322];1;1;0;0
[286,325];1;1;0;0
[286,326];1;1;0;0
[286,328];1;1;0;0
[286,331];1;1;0;0
[289,293];1;1;0;0
[289,298];1;1;0;0
[289,299];1;1;0;0
[289,302];1;1;0;0
[289,304];1;1;0;0
[289,307];1;1;0;0
[289,308];1;1;0;0
[289,311];1;1;0;0
[289,312];1;1;0;0
[289,313];1;1;0;0
[289,316];1;1;0;0
[289,317];1;1;0;0
[289,319];1;1;0;0
[289,322];1;1;0;0
[289,325];1;1;0;0
[289,326];1;1;0;0
[289,328];1;1;0;0
[289,331];1;1;0;0
[290,293];1;1;0;0
[290,298];1;1;0;0
[290,299];1;1;0;0
[290,302];1;1;0;0
[290,304];1;1;0;0
[290,307];1;1;0;0
[290,308];1;1;0;0
[290,311];1;1;0;0
[290,312];1;1;0;0
[290,313];1;1;0;0
[290,316];1;1;0;0
[290,317];1;1;0;0
[290,319];1;1;0;0
[290,322];1;1;0;0
[290,325];1;1;0;0
[290,326];1;1;0;0
[290,328];1;1;0;0
[290,331];1;1;0;0
[293,298];1;1;0;0
[293,299];1;1;0;0
[293,302];1;1;0;0
[293,304];1;1;0;0
[293,307];1;1;0;0
[293,308];1;1;0;0
[293,311];1;1;0;0
[293,312];1;1;0;0
[293,313];1;1;0;0
[293,316];1;1;0;0
[293,317];1;1;0;0
[293,319];1;1;0;0
[293,322];1;1;0;0
[293,325];1;1;0;0
[293,326];1;1;0;0
[293,328];1;1;0;0
[293,331];1;1;0;0
[295,298];1;1;0;0
[295,299];1;1;0;0
[295,302];1;1;0;0
[295,304];1;1;0;0
[295,307];1;1;0;0
[295,308];1;1;0;0
[295,311];1;1;0;0
[295,312];1;1;0;0
[295,313];1;1;0;0
[295,316];1;1;0;0
[295,317];1;1;0;0
[295,319];1;1;0;0
[295,322];1;1;0;0
[295,325];1;1;0;0
[295,326];1;1;0;0
[295,328];1;1;0;0
[295,331];1;1;0;0
[298,302];1;1;0;0
[298,307];1;1;0;0
[298,308];1;1;0;0
[298,311];1;1;0;0
[298,312];1;1;0;0
[298,313];1;1;0;0
[298,316];1;1;0;0
[298,317];1;1;0;0
[298,319];1;1;0;0
[298,322];1;1;0;0
[298,325];1;1;0;0
[298,326];1;1;0;0
[298,328];1;1;0;0
[298,331];1;1;0;0
[299,302];1;1;0;0
[299,307];1;1;0;0
[299,308];1;1;0;0
[299,311];1;1;0;0
[299,312];1;1;0;0
[299,313];1;1;0;0
[299,316];1;1;0;0
[299,317];1;1;0;0
[299,319];1;1;0;0
[299,322];1;1;0;0
[299,325];1;1;0;0
[299,326];1;1;0;0
[299,328];1;1;0;0
[299,331];1;1;0;0
[302,307];1;1;0;0
[302,308];1;1;0;0
[302,311];1;1;0;0
[302,312];1;1;0;0
[302,313];1;1;0;0
[302,316];1;1;0;0
[302,317];1;1;0;0
[302,319];1;1;0;0
[302,322];1;1;0;0
[302,325];1;1;0;0
[302,326];1;1;0;0
[302,328];1;1;0;0
[302,331];1;1;0;0
[304,307];1;1;0;0
[304,308];1;1;0;0
[304,311];1;1;0;0
[304,312];1;1;0;0
[304,313];1;1;0;0
[304,316];1;1;0;0
[304,317];1;1;0;0
[304,319];1;1;0;0
[304,322];1;1;0;0
[304,325];1;1;0;0
[304,326];1;1;0;0
[304,328];1;1;0;0
[304,331];1;1;0;0
[307,311];1;1;0;0
[307,312];1;1;0;0
[307,316];1;1;0;0
[307,317];1;1;0;0
[307,319];1;1;0;0
[307,322];1;1;0;0
[307,325];1;1;0;0
[307,326];1;1;0;0
[307,328];1;1;0;0
[307,331];1;1;0;0
[308,311];1;1;0;0
[308,312];1;1;0;0
[308,316];1;1;0;0
[308,317];1;1;0;0
[308,319];1;1;0;0
[308,322];1;1;0;0
[308,325];1;1;0;0
[308,326];1;1;0;0
[308,328];1;1;0;0
[308,331];1;1;0;0
[311,316];1;1;0;0
[311,317];1;1;0;0
[311,319];1;1;0;0
[311,322];1;1;0;0
[311,325];1;1;0;0
[311,326];1;1;0;0
[311,328];1;1;0;0
[311,331];1;1;0;0
[312,316];1;1;0;0
[312,317];1;1;0;0
[312,319];1;1;0;0
[312,322];1;1;0;0
[312,325];1;1;0;0
[312,326];1;1;0;0
[312,328];1;1;0;0
[312,331];1;1;0;0
[313,316];1;1;0;0
[313,317];1;1;0;0
[313,319];1;1;0;0
[313,322];1;1;0;0
[313,325];1;1;0;0
[313,326];1;1;0;0
[313,328];1;1;0;0
[313,331];1;1;0;0
[316,319];1;1;0;0
[316,328];1;1;0;0
[316,331];1;1;0;0
[317,319];1;1;0;0
[317,325];1;1;0;0
[317,326];1;1;0;0
[317,328];1;1;0;0
[317,331];1;1;0;0
[319,328];1;1;0;0
[319,331];1;1;0;0
[320,329];3;0;3;0
[320,330];3;0;3;0
[321,329];3;0;3;0
[321,330];3;0;3;0
[322,325];1;1;0;0
[322,326];1;1;0;0
[322,328];1;1;0;0
[322,331];1;1;0;0
[325,328];1;1;0;0
[326,328];1;1;0;0
[332,347];5;0;5;0
[341,346];3;3;0;0
[341,502];3;3;0;0
[341,503];3;3;0;0
[341,504];3;3;0;0
[341,506];3;3;0;0
[341,507];3;3;0;0
[341,509];3;3;0;0
[341,510];3;3;0;0
[341,511];3;3;0;0
[341,512];3;3;0;0
[341,513];3;3;0;0
[341,514];3;3;0;0
[341,515];3;3;0;0
[341,516];3;3;0;0
[341,517];3;3;0;0
[341,519];3;3;0;0
[341,520];3;3;0;0
[341,521];3;3;0;0
[341,522];3;3;0;0
[341,523];3;3;0;0
[341,525];3;3;0;0
[341,526];3;3;0;0
[341,528];3;3;0;0
[341,529];3;3;0;0
[341,530];3;3;0;0
[341,802];3;0;0;3
[341,803];3;0;0;3
[341,804];3;0;0;3
[341,805];3;0;0;3
[341,806];3;0;0;3
[341,807];3;0;0;3
[341,808];3;0;0;3
[341,809];3;3;0;0
[341,810];3;0;0;3
[342,346];3;3;0;0
[342,502];3;3;0;0
[342,503];3;3;0;0
[342,504];3;3;0;0
[342,506];3;3;0;0
[342,507];3;3;0;0
[342,509];3;3;0;0
[342,510];3;3;0;0
[342,511];3;3;0;0
[342,512];3;3;0;0
[342,513];3;3;0;0
[342,514];3;3;0;0
[342,515];3;3;0;0
[342,516];3;3;0;0
[342,517];3;3;0;0
[342,519];3;3;0;0
[342,520];3;3;0;0
[342,521];3;3;0;0
[342,522];3;3;0;0
[342,523];3;3;0;0
[342,525];3;3;0;0
[342,526];3;3;0;0
[342,528];3;3;0;0
[342,529];3;3;0;0
[342,530];3;3;0;0
[342,802];3;0;0;3
[342,803];3;0;0;3
[342,804];3;0;0;3
[342,805];3;0;0;3
[342,806];3;0;0;3
[342,807];3;0;0;3
[342,808];3;0;0;3
[342,809];3;3;0;0
[342,810];3;0;0;3
[346,502];3;0;3;0
[346,503];3;0;3;0
[346,504];3;0;3;0
[346,506];3;0;3;0
[346,507];3;0;3;0
[346,509];3;0;3;0
[346,510];3;0;3;0
[346,511];3;0;3;0
[346,512];3;0;3;0
[346,513];3;0;3;0
[346,514];3;0;3;0
[346,515];3;0;3;0
[346,516];3;0;3;0
[346,517];3;0;3;0
[346,519];3;0;3;0
[346,520];3;0;3;0
[346,521];3;0;3;0
[346,522];3;0;3;0
[346,523];3;0;3;0
[346,525];3;0;3;0
[346,526];3;0;3;0
[346,528];3;0;3;0
[346,529];3;0;3;0
[346,530];3;0;3;0
[346,802];3;0;0;3
[346,803];3;0;0;3
[346,804];3;0;0;3
[346,805];3;0;0;3
[346,806];3;0;0;3
[346,807];3;0;0;3
[346,808];3;0;0;3
[346,809];3;3;0;0
[346,810];3;0;0;3
[352,358];53;0;0;53
[352,360];53;0;0;53
[352,362];53;0;0;53
[352,794];54;0;0;54
[353,358];53;0;0;53
[353,360];53;0;0;53
[353,362];53;0;0;53
[353,794];54;0;0;54
[354,358];53;0;0;53
[354,360];53;0;0;53
[354,362];53;0;0;53
[354,794];54;0;0;54
[357,358];53;1;0;52
[357,360];53;0;0;53
[357,361];53;53;0;0
[357,362];53;1;0;52
[361,794];54;0;0;54
[367,368];6;0;6;0
[367,370];6;0;6;0
[367,371];6;0;6;0
[367,373];6;0;6;0
[367,374];6;0;6;0
[367,378];6;0;6;0
[367,379];6;0;6;0
[367,380];6;0;6;0
[367,381];6;0;6;0
[367,382];6;0;6;0
[367,383];6;0;6;0
[367,384];6;0;6;0
[368,373];6;3;3;0
[368,378];6;6;0;0
[368,379];6;6;0;0
[368,380];6;6;0;0
[368,381];6;6;0;0
[368,382];6;6;0;0
[368,383];6;6;0;0
[368,384];6;6;0;0
[370,373];6;0;6;0
[370,378];6;6;0;0
[370,379];6;6;0;0
[370,380];6;6;0;0
[370,381];6;6;0;0
[370,382];6;6;0;0
[370,383];6;6;0;0
[370,384];6;6;0;0
[371,373];6;3;3;0
[371,378];6;6;0;0
[371,379];6;6;0;0
[371,380];6;6;0;0
[371,381];6;6;0;0
[371,382];6;6;0;0
[371,383];6;6;0;0
[371,384];6;6;0;0
[373,378];6;5;0;1
[373,379];6;5;0;1
[373,380];6;5;0;1
[373,381];6;5;0;1
[373,382];6;5;0;1
[373,383];6;5;0;1
[373,384];6;5;0;1
[374,378];6;6;0;0
[374,379];6;6;0;0
[374,380];6;6;0;0
[374,381];6;6;0;0
[374,382];6;6;0;0
[374,383];6;6;0;0
[374,384];6;6;0;0
[375,376];2;1;0;1
[378,379];6;6;0;0
[378,380];6;6;0;0
[378,381];5;5;0;0
[378,382];5;5;0;0
[378,383];6;6;0;0
[378,384];6;6;0;0
[379,380];6;6;0;0
[379,381];2;2;0;0
[379,382];2;2;0;0
[379,383];6;6;0;0
[379,384];6;6;0;0
[386,387];7;0;0;7
[386,389];7;0;0;7
[386,390];7;7;0;0
[386,391];7;0;0;7
[386,393];7;0;7;0
[386,395];7;0;7;0
[386,396];7;0;7;0
[386,398];7;0;7;0
[386,399];7;1;6;0
[387,393];7;7;0;0
[387,395];7;7;0;0
[387,396];7;7;0;0
[387,398];7;0;7;0
[387,399];7;7;0;0
[389,393];7;7;0;0
[389,395];7;7;0;0
[389,396];7;7;0;0
[389,398];7;0;7;0
[389,399];7;7;0;0
[390,393];7;0;7;0
[390,395];7;0;7;0
[390,396];7;0;7;0
[390,398];7;0;7;0
[390,399];7;0;7;0
[391,393];7;7;0;0
[391,395];7;7;0;0
[391,396];7;7;0;0
[391,398];7;0;7;0
[391,399];7;7;0;0
[392,393];7;7;0;0
[392,395];7;7;0;0
[392,396];7;7;0;0
[392,398];7;0;7;0
[392,399];7;7;0;0
[393,398];7;2;5;0
[395,398];7;0;7;0
[396,398];7;2;5;0
[435,484];1;1;0;0
[438,454];47;0;47;0
[438,458];47;0;47;0
[438,461];47;0;47;0
[438,462];47;0;47;0
[438,463];47;0;47;0
[438,465];47;0;47;0
[440,454];47;0;47;0
[440,458];47;0;47;0
[440,461];47;0;47;0
[440,462];47;0;47;0
[440,463];47;0;47;0
[440,465];47;0;47;0
[441,454];47;0;47;0
[441,458];47;0;47;0
[441,461];47;0;47;0
[441,462];47;0;47;0
[441,463];47;0;47;0
[441,465];47;0;47;0
[442,467];1;1;0;0
[445,471];53;1;52;0
[446,471];53;1;52;0
[447,458];19;19;0;0
[448,449];7;7;0;0
[452,455];20;0;0;20
[452,457];20;0;0;20
[452,459];20;0;0;20
[453,455];20;0;0;20
[453,457];20;0;0;20
[453,459];20;0;0;20
[458,461];60;0;60;0
[458,462];60;0;60;0
[458,463];60;0;60;0
[458,465];60;0;60;0
[464,469];2;2;0;0
[464,472];2;0;2;0
[464,473];2;2;0;0
[468,472];2;1;1;0
[469,472];2;0;2;0
[470,472];2;0;2;0
[485,491];33;33;0;0
[485,492];33;33;0;0
[485,494];33;33;0;0
[485,495];33;33;0;0
[485,496];33;33;0;0
[485,497];33;33;0;0
[485,498];33;33;0;0
[485,499];32;32;0;0
[487,488];9;9;0;0
[487,489];9;9;0;0
[488,489];9;9;0;0
[491,492];33;0;0;33
[491,494];33;0;0;33
[491,495];33;31;0;2
[491,496];33;0;0;33
[491,498];33;2;31;0
[491,499];33;2;31;0
[492,498];33;32;1;0
[492,499];33;32;1;0
[494,498];33;33;0;0
[494,499];33;33;0;0
[495,498];33;0;33;0
[495,499];33;0;33;0
[496,498];33;32;1;0
[496,499];33;32;1;0
[497,498];33;33;0;0
[497,499];33;33;0;0
[498,499];33;33;0;0
[502,503];3;3;0;0
[502,504];3;3;0;0
[502,506];3;3;0;0
[502,507];3;3;0;0
[502,509];3;3;0;0
[502,510];3;3;0;0
[502,511];3;3;0;0
[502,512];3;3;0;0
[502,513];3;3;0;0
[502,514];3;3;0;0
[502,515];3;3;0;0
[502,516];3;3;0;0
[502,517];3;3;0;0
[502,519];3;3;0;0
[502,520];3;3;0;0
[502,521];3;3;0;0
[502,522];3;3;0;0
[502,523];3;3;0;0
[502,525];3;3;0;0
[502,526];3;3;0;0
[502,528];3;3;0;0
[502,529];3;3;0;0
[502,530];3;3;0;0
[502,802];3;0;0;3
[502,803];3;0;0;3
[502,804];3;0;0;3
[502,805];3;0;0;3
[502,806];3;0;0;3
[502,807];3;0;0;3
[502,808];3;0;0;3
[502,809];3;3;0;0
[502,810];3;0;0;3
[503,504];3;0;3;0
[503,506];3;0;3;0
[503,507];3;0;3;0
[503,509];3;0;3;0
[503,510];3;0;3;0
[503,511];3;0;3;0
[503,512];3;0;3;0
[503,513];3;0;3;0
[503,514];3;0;3;0
[503,515];3;3;0;0
[503,516];3;3;0;0
[503,517];3;0;0;3
[503,519];3;0;0;3
[503,520];3;3;0;0
[503,521];3;0;0;3
[503,523];3;3;0;0
[503,525];3;3;0;0
[503,526];3;3;0;0
[503,528];3;3;0;0
[503,529];3;3;0;0
[503,530];3;0;3;0
[503,802];3;0;0;3
[503,803];3;0;0;3
[503,804];3;0;0;3
[503,805];3;0;0;3
[503,806];3;0;0;3
[503,807];3;0;0;3
[503,808];3;0;0;3
[503,809];3;0;3;0
[503,810];3;0;0;3
[504,509];3;0;3;0
[504,510];3;0;3;0
[504,511];3;0;3;0
[504,513];3;3;0;0
[504,514];3;3;0;0
[504,516];3;3;0;0
[504,517];3;0;0;3
[504,519];3;0;0;3
[504,520];3;0;0;3
[504,521];3;0;0;3
[504,523];3;3;0;0
[504,525];3;3;0;0
[504,526];3;3;0;0
[504,528];3;3;0;0
[504,529];3;3;0;0
[504,530];3;3;0;0
[504,802];3;0;0;3
[504,803];3;0;0;3
[504,804];3;0;0;3
[504,805];3;0;0;3
[504,806];3;0;0;3
[504,807];3;0;0;3
[504,808];3;0;0;3
[504,809];3;3;0;0
[504,810];3;0;0;3
[506,509];3;0;3;0
[506,510];3;0;3;0
[506,511];3;0;3;0
[506,513];3;3;0;0
[506,514];3;3;0;0
[506,516];3;3;0;0
[506,517];3;0;0;3
[506,519];3;0;0;3
[506,520];3;0;0;3
[506,521];3;0;0;3
[506,523];3;3;0;0
[506,525];3;3;0;0
[506,526];3;3;0;0
[506,528];3;3;0;0
[506,529];3;3;0;0
[506,530];3;3;0;0
[506,802];3;0;0;3
[506,803];3;0;0;3
[506,804];3;0;0;3
[506,805];3;0;0;3
[506,806];3;0;0;3
[506,807];3;0;0;3
[506,808];3;0;0;3
[506,809];3;3;0;0
[506,810];3;0;0;3
[507,509];3;0;3;0
[507,510];3;0;3;0
[507,511];3;0;3;0
[507,513];3;3;0;0
[507,514];3;3;0;0
[507,516];3;3;0;0
[507,517];3;0;0;3
[507,519];3;0;0;3
[507,520];3;0;0;3
[507,521];3;0;0;3
[507,523];3;3;0;0
[507,525];3;3;0;0
[507,526];3;3;0;0
[507,528];3;3;0;0
[507,529];3;3;0;0
[507,530];3;3;0;0
[507,802];3;0;0;3
[507,803];3;0;0;3
[507,804];3;0;0;3
[507,805];3;0;0;3
[507,806];3;0;0;3
[507,807];3;0;0;3
[507,808];3;0;0;3
[507,809];3;3;0;0
[507,810];3;0;0;3
[509,510];3;3;0;0
[509,511];3;3;0;0
[509,513];3;3;0;0
[509,514];3;3;0;0
[509,516];3;0;0;3
[509,517];3;0;0;3
[509,519];3;0;0;3
[509,520];3;0;0;3
[509,521];3;0;0;3
[509,523];3;3;0;0
[509,525];3;3;0;0
[509,526];3;3;0;0
[509,528];3;3;0;0
[509,529];3;3;0;0
[509,530];3;3;0;0
[509,802];3;0;0;3
[509,803];3;0;0;3
[509,804];3;0;0;3
[509,805];3;0;0;3
[509,806];3;0;0;3
[509,807];3;0;0;3
[509,808];3;0;0;3
[509,809];3;3;0;0
[509,810];3;0;0;3
[510,511];3;3;0;0
[510,513];3;3;0;0
[510,514];3;3;0;0
[510,516];3;0;0;3
[510,517];3;0;0;3
[510,519];3;0;0;3
[510,520];3;0;0;3
[510,521];3;0;0;3
[510,523];3;3;0;0
[510,525];3;3;0;0
[510,526];3;3;0;0
[510,528];3;3;0;0
[510,529];3;3;0;0
[510,530];3;3;0;0
[510,802];3;0;0;3
[510,803];3;0;0;3
[510,804];3;0;0;3
[510,805];3;0;0;3
[510,806];3;0;0;3
[510,807];3;0;0;3
[510,808];3;0;0;3
[510,809];3;3;0;0
[510,810];3;0;0;3
[511,513];3;3;0;0
[511,514];3;3;0;0
[511,516];3;0;0;3
[511,517];3;0;0;3
[511,519];3;0;0;3
[511,520];3;0;0;3
[511,521];3;0;0;3
[511,523];3;3;0;0
[511,525];3;3;0;0
[511,526];3;3;0;0
[511,528];3;3;0;0
[511,529];3;3;0;0
[511,530];3;3;0;0
[511,802];3;0;0;3
[511,803];3;0;0;3
[511,804];3;0;0;3
[511,805];3;0;0;3
[511,806];3;0;0;3
[511,807];3;0;0;3
[511,808];3;0;0;3
[511,809];3;3;0;0
[511,810];3;0;0;3
[512,513];3;3;0;0
[512,514];3;3;0;0
[512,516];3;3;0;0
[512,517];3;0;0;3
[512,519];3;0;0;3
[512,520];3;0;0;3
[512,521];3;0;0;3
[512,523];3;3;0;0
[512,525];3;3;0;0
[512,526];3;3;0;0
[512,528];3;3;0;0
[512,529];3;3;0;0
[512,530];3;3;0;0
[512,802];3;0;0;3
[512,803];3;0;0;3
[512,804];3;0;0;3
[512,805];3;0;0;3
[512,806];3;0;0;3
[512,807];3;0;0;3
[512,808];3;0;0;3
[512,809];3;3;0;0
[512,810];3;0;0;3
[513,514];3;3;0;0
[513,516];3;3;0;0
[513,517];3;0;0;3
[513,519];3;0;0;3
[513,520];3;0;0;3
[513,521];3;0;0;3
[513,523];3;3;0;0
[513,525];3;3;0;0
[513,526];3;3;0;0
[513,528];3;3;0;0
[513,529];3;3;0;0
[513,530];3;3;0;0
[513,802];3;0;0;3
[513,803];3;0;0;3
[513,804];3;0;0;3
[513,805];3;0;0;3
[513,806];3;0;0;3
[513,807];3;0;0;3
[513,808];3;0;0;3
[513,809];3;3;0;0
[513,810];3;0;0;3
[514,516];3;3;0;0
[514,517];3;0;0;3
[514,519];3;0;0;3
[514,520];3;0;0;3
[514,521];3;0;0;3
[514,523];3;3;0;0
[514,525];3;3;0;0
[514,526];3;3;0;0
[514,528];3;3;0;0
[514,529];3;3;0;0
[514,530];3;3;0;0
[514,802];3;0;0;3
[514,803];3;0;0;3
[514,804];3;0;0;3
[514,805];3;0;0;3
[514,806];3;0;0;3
[514,807];3;0;0;3
[514,808];3;0;0;3
[514,809];3;3;0;0
[514,810];3;0;0;3
[515,516];3;3;0;0
[515,517];3;0;0;3
[515,519];3;0;0;3
[515,520];3;3;0;0
[515,521];3;0;0;3
[515,523];3;3;0;0
[515,525];3;3;0;0
[515,526];3;3;0;0
[515,528];3;3;0;0
[515,529];3;3;0;0
[515,530];3;3;0;0
[515,802];3;0;0;3
[515,803];3;0;0;3
[515,804];3;0;0;3
[515,805];3;0;0;3
[515,806];3;0;0;3
[515,807];3;0;0;3
[515,808];3;0;0;3
[515,809];3;3;0;0
[515,810];3;0;0;3
[516,517];3;0;0;3
[516,519];3;0;0;3
[516,520];3;3;0;0
[516,521];3;0;0;3
[516,523];3;3;0;0
[516,525];3;3;0;0
[516,526];3;3;0;0
[516,528];3;0;3;0
[516,529];3;3;0;0
[516,530];3;3;0;0
[516,802];3;0;0;3
[516,803];3;0;0;3
[516,804];3;0;0;3
[516,805];3;0;0;3
[516,806];3;0;0;3
[516,807];3;0;0;3
[516,808];3;0;0;3
[516,809];3;3;0;0
[516,810];3;0;0;3
[517,523];3;3;0;0
[517,525];3;3;0;0
[517,526];3;3;0;0
[517,528];3;0;3;0
[517,529];3;3;0;0
[517,530];3;3;0;0
[517,802];3;0;0;3
[517,803];3;0;0;3
[517,804];3;0;0;3
[517,805];3;0;0;3
[517,806];3;0;0;3
[517,807];3;0;0;3
[517,808];3;0;0;3
[517,809];3;3;0;0
[517,810];3;0;0;3
[519,523];3;3;0;0
[519,525];3;3;0;0
[519,526];3;3;0;0
[519,528];3;0;3;0
[519,529];3;3;0;0
[519,530];3;3;0;0
[519,802];3;0;0;3
[519,803];3;0;0;3
[519,804];3;0;0;3
[519,805];3;0;0;3
[519,806];3;0;0;3
[519,807];3;0;0;3
[519,808];3;0;0;3
[519,809];3;3;0;0
[519,810];3;0;0;3
[520,523];3;0;3;0
[520,525];3;0;3;0
[520,526];3;0;3;0
[520,528];3;0;3;0
[520,529];3;0;3;0
[520,530];3;0;3;0
[520,802];3;0;0;3
[520,803];3;0;0;3
[520,804];3;0;0;3
[520,805];3;0;0;3
[520,806];3;0;0;3
[520,807];3;0;0;3
[520,808];3;0;0;3
[520,809];3;0;3;0
[520,810];3;0;0;3
[521,523];3;3;0;0
[521,525];3;3;0;0
[521,526];3;3;0;0
[521,528];3;0;3;0
[521,529];3;3;0;0
[521,530];3;3;0;0
[521,802];3;0;0;3
[521,803];3;0;0;3
[521,804];3;0;0;3
[521,805];3;0;0;3
[521,806];3;0;0;3
[521,807];3;0;0;3
[521,808];3;0;0;3
[521,809];3;3;0;0
[521,810];3;0;0;3
[522,523];3;3;0;0
[522,525];3;3;0;0
[522,526];3;3;0;0
[522,528];3;0;3;0
[522,529];3;3;0;0
[522,530];3;3;0;0
[522,802];3;0;0;3
[522,803];3;0;0;3
[522,804];3;0;0;3
[522,805];3;0;0;3
[522,806];3;0;0;3
[522,807];3;0;0;3
[522,808];3;0;0;3
[522,809];3;3;0;0
[522,810];3;0;0;3
[523,528];3;0;3;0
[523,530];3;3;0;0
[523,802];3;0;0;3
[523,803];3;0;0;3
[523,804];3;0;0;3
[523,805];3;0;0;3
[523,806];3;0;0;3
[523,807];3;0;0;3
[523,808];3;0;0;3
[523,809];3;3;0;0
[523,810];3;0;0;3
[525,528];3;0;3;0
[525,530];3;3;0;0
[525,802];3;0;0;3
[525,803];3;0;0;3
[525,804];3;0;0;3
[525,805];3;0;0;3
[525,806];3;0;0;3
[525,807];3;0;0;3
[525,808];3;0;0;3
[525,809];3;3;0;0
[525,810];3;0;0;3
[526,528];3;0;3;0
[526,530];3;3;0;0
[526,802];3;0;0;3
[526,803];3;0;0;3
[526,804];3;0;0;3
[526,805];3;0;0;3
[526,806];3;0;0;3
[526,807];3;0;0;3
[526,808];3;0;0;3
[526,809];3;3;0;0
[526,810];3;0;0;3
[528,530];3;3;0;0
[528,802];3;0;0;3
[528,803];3;0;0;3
[528,804];3;0;0;3
[528,805];3;0;0;3
[528,806];3;0;0;3
[528,807];3;0;0;3
[528,808];3;0;0;3
[528,809];3;3;0;0
[528,810];3;0;0;3
[529,530];3;3;0;0
[529,802];3;0;0;3
[529,803];3;0;0;3
[529,804];3;0;0;3
[529,805];3;0;0;3
[529,806];3;0;0;3
[529,807];3;0;0;3
[529,808];3;0;0;3
[529,809];3;3;0;0
[529,810];3;0;0;3
[530,802];3;0;0;3
[530,803];3;0;0;3
[530,804];3;0;0;3
[530,805];3;0;0;3
[530,806];3;0;0;3
[530,807];3;0;0;3
[530,808];3;0;0;3
[530,809];3;3;0;0
[530,810];3;0;0;3
[531,535];14;14;0;0
[531,536];14;14;0;0
[531,537];14;14;0;0
[531,556];14;14;0;0
[532,533];1;1;0;0
[535,536];14;14;0;0
[535,556];14;14;0;0
[536,556];14;14;0;0
[537,556];14;14;0;0
[541,542];7;7;0;0
[547,548];2;2;0;0
[564,565];5;0;0;5
[564,567];5;0;0;5
[564,569];5;0;0;5
[614,616];200;0;200;0
[614,618];200;0;200;0
[614,620];200;0;200;0
[614,622];200;0;200;0
[616,618];209;0;209;0
[616,622];209;0;209;0
[620,622];200;0;200;0
[626,628];1;1;0;0
[633,634];1;0;0;1
[633,636];1;0;0;1
[633,637];1;1;0;0
[640,641];2;2;0;0
[640,642];2;2;0;0
[640,643];2;2;0;0
[640,644];2;2;0;0
[640,645];2;2;0;0
[640,646];2;2;0;0
[640,648];2;2;0;0
[640,649];2;2;0;0
[640,650];2;2;0;0
[640,651];2;2;0;0
[641,646];2;0;0;2
[641,648];2;0;0;2
[641,649];2;2;0;0
[641,650];2;0;0;2
[642,646];2;0;0;2
[642,648];2;0;0;2
[642,649];2;2;0;0
[642,650];2;0;0;2
[643,646];2;0;0;2
[643,648];2;0;0;2
[643,649];2;2;0;0
[643,650];2;0;0;2
[644,646];2;0;0;2
[644,648];2;0;0;2
[644,649];2;2;0;0
[644,650];2;0;0;2
[645,646];2;0;0;2
[645,648];2;0;0;2
[645,649];2;2;0;0
[645,650];2;0;0;2
[654,657];1;0;1;0
[654,684];1;1;0;0
[654,685];1;1;0;0
[654,924];1;1;0;0
[657,684];1;0;0;1
[657,685];1;0;0;1
[657,924];1;0;0;1
[675,734];7;1;6;0
[676,734];6;0;6;0
[677,734];6;0;6;0
[678,717];2;2;0;0
[678,718];2;2;0;0
[683,732];85;0;0;85
[683,733];85;0;0;85
[683,735];85;0;85;0
[683,736];85;85;0;0
[684,924];1;0;1;0
[685,924];1;0;1;0
[719,722];111;0;111;0
[720,722];111;0;111;0
[722,732];85;85;0;0
[732,735];85;0;85;0
[732,736];85;85;0;0
[733,735];85;0;85;0
[733,736];85;85;0;0
[747,748];2;0;2;0
[747,752];2;0;2;0
[747,753];2;0;2;0
[748,752];2;0;2;0
[748,753];2;0;2;0
[749,752];2;0;2;0
[749,753];2;0;2;0
[759,760];4;4;0;0
[759,788];4;4;0;0
[760,788];4;4;0;0
[777,778];1;1;0;0
[777,779];1;1;0;0
[778,779];1;1;0;0
[780,782];6;0;0;6
[780,784];6;0;0;6
[780,785];6;6;0;0
[780,786];6;0;0;6
[781,782];6;0;0;6
[781,784];6;0;0;6
[781,785];6;6;0;0
[781,786];6;0;0;6
[802,803];3;0;0;3
[802,804];3;3;0;0
[802,805];3;3;0;0
[802,806];3;0;0;3
[802,807];3;0;0;3
[802,809];3;3;0;0
[803,809];3;3;0;0
[804,809];3;3;0;0
[805,809];3;3;0;0
[806,809];3;3;0;0
[807,809];3;3;0;0
[808,809];3;3;0;0
[819,823];111;0;111;0
[819,840];111;0;111;0
[819,841];111;0;111;0
[819,916];111;0;0;111
[819,918];111;110;0;1
[819,920];111;110;0;1
[820,836];2;2;0;0
[822,836];2;2;0;0
[823,840];112;0;112;0
[823,841];112;0;112;0
[823,920];111;0;0;111
[831,885];10;0;10;0
[831,886];10;0;10;0
[831,887];10;0;10;0
[831,889];10;0;10;0
[832,908];8;0;8;0
[833,908];8;0;8;0
[834,843];132;0;132;0
[834,857];132;0;132;0
[834,858];132;0;132;0
[840,920];111;0;0;111
[841,920];111;0;0;111
[845,850];4;0;4;0
[848,849];12;0;12;0
[859,875];7;0;7;0
[859,876];7;0;7;0
[859,877];7;0;7;0
[859,878];7;0;7;0
[859,879];7;0;7;0
[859,880];7;0;7;0
[859,882];7;0;7;0
[859,883];7;0;7;0
[859,885];7;0;7;0
[859,886];7;0;7;0
[859,887];7;0;7;0
[859,888];7;0;7;0
[859,889];7;0;7;0
[859,890];7;0;7;0
[859,891];7;0;7;0
[859,893];7;0;7;0
[859,895];7;0;7;0
[859,896];7;0;7;0
[859,897];7;0;7;0
[860,875];7;0;7;0
[860,876];7;0;7;0
[860,877];7;0;7;0
[860,878];7;0;7;0
[860,879];7;0;7;0
[860,880];7;0;7;0
[860,882];7;0;7;0
[860,883];7;0;7;0
[860,885];7;0;7;0
[860,886];7;0;7;0
[860,887];7;0;7;0
[860,888];7;0;7;0
[860,889];7;0;7;0
[860,890];7;0;7;0
[860,891];7;0;7;0
[860,893];7;0;7;0
[860,895];7;0;7;0
[860,896];7;0;7;0
[860,897];7;0;7;0
[867,872];2;0;2;0
[869,872];2;0;2;0
[871,872];2;0;2;0
[875,880];7;0;0;7
[875,882];7;0;0;7
[875,883];7;0;0;7
[875,888];7;0;0;7
[875,891];7;7;0;0
[875,893];7;7;0;0
[875,895];7;7;0;0
[875,896];7;0;7;0
[875,897];7;7;0;0
[876,880];7;0;0;7
[876,882];7;0;0;7
[876,883];7;0;0;7
[876,888];7;0;0;7
[876,891];7;7;0;0
[876,893];7;7;0;0
[876,895];7;7;0;0
[876,896];7;0;7;0
[876,897];7;7;0;0
[877,880];7;0;0;7
[877,882];7;0;0;7
[877,883];7;0;0;7
[877,888];7;0;0;7
[877,891];7;7;0;0
[877,893];7;7;0;0
[877,895];7;7;0;0
[877,896];7;0;7;0
[877,897];7;7;0;0
[878,880];7;0;0;7
[878,882];7;0;0;7
[878,883];7;0;0;7
[878,888];7;0;0;7
[878,891];7;7;0;0
[878,893];7;7;0;0
[878,895];7;7;0;0
[878,896];7;7;0;0
[878,897];7;7;0;0
[879,880];7;0;0;7
[879,882];7;0;0;7
[879,883];7;0;0;7
[879,888];7;0;0;7
[879,891];7;7;0;0
[879,893];7;7;0;0
[879,895];7;7;0;0
[879,896];7;0;7;0
[879,897];7;7;0;0
[880,885];7;0;7;0
[880,886];7;0;7;0
[880,887];7;0;7;0
[880,888];7;0;7;0
[880,891];7;7;0;0
[880,893];7;7;0;0
[880,895];7;7;0;0
[880,896];7;0;7;0
[880,897];7;7;0;0
[882,885];7;0;7;0
[882,886];7;0;7;0
[882,887];7;0;7;0
[882,888];7;0;7;0
[882,891];7;7;0;0
[882,893];7;7;0;0
[882,895];7;7;0;0
[882,896];7;0;7;0
[882,897];7;7;0;0
[883,885];7;0;7;0
[883,886];7;0;7;0
[883,887];7;0;7;0
[883,888];7;0;7;0
[883,891];7;7;0;0
[883,893];7;7;0;0
[883,895];7;7;0;0
[883,896];7;0;7;0
[883,897];7;7;0;0
[885,889];9;9;0;0
[885,908];9;0;0;9
[886,889];9;9;0;0
[886,908];9;0;0;9
[887,889];9;9;0;0
[887,908];9;0;0;9
[888,891];7;7;0;0
[888,893];7;7;0;0
[888,895];7;7;0;0
[888,896];7;0;7;0
[888,897];7;7;0;0
[889,908];9;0;0;9
[890,891];7;7;0;0
[890,893];7;7;0;0
[890,895];7;7;0;0
[890,896];7;0;7;0
[890,897];7;7;0;0
[891,896];7;7;0;0
[893,896];7;0;7;0
[895,896];7;7;0;0
[921,922];6;6;0;0
[921,923];6;6;0;0
[922,923];6;6;0;0
