[4,5];1;0;0;1
[4,638];1;0;1;0
[5,638];1;0;1;0
[8,9];16;0;0;16
[11,12];6;0;0;6
[18,20];3;0;0;3
[22,27];154;0;0;154
[23,24];21;0;0;21
[23,25];15;0;0;15
[23,26];15;0;0;15
[24,25];15;0;0;15
[24,26];15;0;0;15
[25,26];15;0;0;15
[28,48];19;0;19;0
[29,49];16;0;16;0
[34,35];9;9;0;0
[41,43];7;0;0;7
[41,44];10;0;0;10
[42,43];7;0;0;7
[45,47];16;0;0;16
[54,55];92;0;0;92
[60,61];92;0;0;92
[63,64];17;0;0;17
[65,66];1;0;0;1
[73,74];117;0;0;117
[73,75];117;0;0;117
[74,75];117;0;0;117
[80,82];4;0;4;0
[80,83];4;0;4;0
[80,84];4;0;4;0
[80,85];4;0;4;0
[80,86];4;0;4;0
[80,87];4;0;4;0
[80,88];4;0;4;0
[80,89];4;0;4;0
[80,91];4;0;4;0
[80,92];4;0;4;0
[80,93];4;0;4;0
[80,94];4;0;0;4
[80,95];4;0;0;4
[82,83];4;0;0;4
[82,84];4;0;0;4
[82,85];4;0;0;4
[82,86];4;1;3;0
[82,87];4;1;3;0
[82,88];4;1;3;0
[82,89];4;1;3;0
[82,91];4;0;4;0
[82,92];4;4;0;0
[82,93];4;0;0;4
[82,94];4;0;0;4
[82,95];4;0;0;4
[83,84];4;0;0;4
[83,85];4;0;0;4
[83,86];4;1;3;0
[83,87];4;1;3;0
[83,88];4;1;3;0
[83,89];4;1;3;0
[83,91];4;0;4;0
[83,92];4;4;0;0
[83,93];4;0;0;4
[83,94];4;0;0;4
[83,95];4;0;0;4
[84,85];4;0;0;4
[84,86];4;4;0;0
[84,87];4;4;0;0
[84,88];4;4;0;0
[84,89];4;4;0;0
[84,91];4;4;0;0
[84,92];4;0;4;0
[84,93];4;0;0;4
[84,94];4;0;0;4
[84,95];4;0;0;4
[85,86];4;0;4;0
[85,87];4;0;4;0
[85,88];4;0;4;0
[85,89];4;0;4;0
[85,91];4;0;4;0
[85,92];4;4;0;0
[85,93];4;0;0;4
[85,94];4;0;0;4
[85,95];4;0;0;4
[86,87];4;0;0;4
[86,88];4;0;0;4
[86,89];4;0;0;4
[86,91];4;4;0;0
[86,92];4;4;0;0
[86,93];4;0;0;4
[86,94];4;0;0;4
[86,95];4;0;0;4
[87,88];4;0;0;4
[87,89];4;0;0;4
[87,91];4;4;0;0
[87,92];4;4;0;0
[87,93];4;0;0;4
[87,94];4;0;0;4
[87,95];4;0;0;4
[88,89];4;0;0;4
[88,91];4;0;4;0
[88,92];4;4;0;0
[88,93];4;0;0;4
[88,94];4;0;0;4
[88,95];4;0;0;4
[89,91];4;4;0;0
[89,92];4;4;0;0
[89,93];4;0;0;4
[89,94];4;0;0;4
[89,95];4;0;0;4
[91,92];4;4;0;0
[91,93];4;0;0;4
[91,94];4;0;0;4
[91,95];4;0;0;4
[92,93];4;0;0;4
[92,94];4;0;0;4
[92,95];4;0;0;4
[93,94];4;0;0;4
[93,95];4;0;0;4
[94,95];4;0;0;4
[99,100];1;1;0;0
[102,103];6;0;0;6
[105,148];2;0;2;0
[107,109];21;0;0;21
[107,111];21;0;0;21
[109,111];21;0;0;21
[113,187];16;0;16;0
[113,188];16;0;16;0
[113,190];16;0;16;0
[113,192];16;0;16;0
[113,193];16;0;16;0
[114,116];1;0;0;1
[114,117];3;0;0;3
[114,118];2;0;0;2
[114,119];1;0;0;1
[116,119];1;0;0;1
[117,118];2;0;0;2
[117,119];1;0;0;1
[118,120];2;0;2;0
[123,124];32;0;0;32
[123,125];36;0;0;36
[123,127];4;0;0;4
[125,127];4;0;0;4
[128,130];2;0;0;2
[128,131];35;0;0;35
[128,132];33;0;0;33
[131,132];33;0;0;33
[132,133];33;0;33;0
[133,134];22;22;0;0
[134,135];4;4;0;0
[134,138];4;4;0;0
[135,136];3;0;0;3
[135,138];25;0;0;25
[135,139];22;0;0;22
[135,144];3;0;3;0
[135,145];3;0;0;3
[136,140];3;0;3;0
[136,141];3;0;3;0
[136,142];3;0;3;0
[136,143];3;0;3;0
[136,144];3;0;3;0
[136,145];3;0;0;3
[138,139];22;0;0;22
[138,144];3;0;3;0
[138,145];3;0;0;3
[140,141];3;0;0;3
[140,142];3;0;0;3
[140,143];3;0;0;3
[140,144];3;0;0;3
[140,145];3;0;0;3
[141,142];3;0;0;3
[141,143];3;0;0;3
[141,144];3;0;0;3
[141,145];3;0;0;3
[142,143];3;0;0;3
[142,144];3;0;0;3
[142,145];3;0;0;3
[143,144];3;0;0;3
[143,145];3;0;0;3
[144,145];3;0;0;3
[149,151];98;0;0;98
[150,152];3;0;3;0
[150,153];3;0;3;0
[150,154];3;0;3;0
[152,153];3;0;0;3
[152,154];3;0;0;3
[153,154];3;0;0;3
[155,159];2;0;0;2
[157,159];2;0;0;2
[162,163];1;0;0;1
[164,165];2;0;0;2
[171,172];1;0;0;1
[171,173];1;0;0;1
[171,174];1;0;0;1
[171,179];1;1;0;0
[172,173];1;0;0;1
[172,174];1;0;0;1
[172,179];1;1;0;0
[173,174];1;0;0;1
[173,179];1;1;0;0
[174,179];1;1;0;0
[175,176];15;0;0;15
[175,178];16;0;0;16
[175,179];1;0;0;1
[175,180];1;1;0;0
[175,185];15;0;15;0
[175,186];15;0;0;15
[176,185];15;0;15;0
[176,186];15;0;0;15
[178,179];1;0;0;1
[178,180];1;1;0;0
[178,185];15;0;15;0
[178,186];15;0;0;15
[181,182];9;0;0;9
[181,183];9;0;0;9
[181,184];9;0;0;9
[182,183];9;0;0;9
[182,184];9;0;0;9
[183,184];9;0;0;9
[185,186];15;0;0;15
[187,188];16;0;0;16
[187,190];16;0;0;16
[187,192];16;0;0;16
[187,193];16;0;0;16
[188,190];16;0;0;16
[188,191];2;0;0;2
[188,192];16;0;0;16
[188,193];16;0;0;16
[190,191];2;0;0;2
[190,192];16;0;0;16
[190,193];16;0;0;16
[192,193];16;0;0;16
[194,195];1;0;0;1
[194,197];1;0;0;1
[194,199];1;0;0;1
[194,200];1;0;0;1
[195,197];1;0;1;0
[195,199];1;0;1;0
[195,200];1;0;1;0
[197,199];1;0;0;1
[197,200];1;0;0;1
[199,200];1;0;0;1
[204,209];2;0;2;0
[212,213];1;0;0;1
[212,214];13;0;0;13
[212,216];12;0;0;12
[212,217];1;1;0;0
[212,218];1;0;0;1
[213,217];1;1;0;0
[213,218];1;0;0;1
[214,216];12;0;0;12
[214,217];1;1;0;0
[214,218];1;0;0;1
[217,218];1;0;0;1
[219,287];7;0;7;0
[219,288];7;0;7;0
[219,289];7;0;7;0
[221,230];11;11;0;0
[221,291];11;11;0;0
[222,224];6;0;0;6
[222,225];7;0;0;7
[222,226];1;0;0;1
[222,228];6;0;6;0
[222,229];6;0;0;6
[222,231];7;7;0;0
[222,234];7;7;0;0
[222,292];6;6;0;0
[224,228];6;0;6;0
[224,229];6;0;0;6
[224,233];6;6;0;0
[224,237];6;6;0;0
[224,238];6;6;0;0
[224,292];6;6;0;0
[225,226];1;0;0;1
[225,228];6;0;6;0
[225,229];6;0;0;6
[225,231];7;7;0;0
[225,234];7;7;0;0
[225,292];6;6;0;0
[226,235];1;1;0;0
[227,236];5;1;4;0
[228,229];6;0;0;6
[228,233];6;6;0;0
[228,237];6;6;0;0
[228,238];6;6;0;0
[228,292];6;6;0;0
[229,233];6;6;0;0
[229,237];6;6;0;0
[229,238];6;6;0;0
[229,292];6;6;0;0
[230,291];11;0;11;0
[231,233];6;0;0;6
[231,234];7;0;0;7
[231,235];1;0;0;1
[231,237];6;0;6;0
[231,238];6;0;0;6
[231,292];6;6;0;0
[233,237];6;0;6;0
[233,238];6;0;0;6
[233,292];6;6;0;0
[234,235];1;0;0;1
[234,237];6;0;6;0
[234,238];6;0;0;6
[234,292];6;6;0;0
[237,238];6;0;0;6
[237,292];6;6;0;0
[238,292];6;6;0;0
[239,240];3;0;0;3
[242,243];2;2;0;0
[242,244];2;0;0;2
[242,258];2;2;0;0
[242,259];2;2;0;0
[242,260];2;2;0;0
[242,261];2;2;0;0
[243,244];2;0;0;2
[243,258];2;0;2;0
[243,259];2;0;2;0
[243,260];2;0;2;0
[243,261];2;0;2;0
[244,258];2;0;2;0
[244,259];2;0;2;0
[244,260];2;0;2;0
[244,261];2;0;2;0
[245,248];11;0;0;11
[245,267];11;0;11;0
[245,268];11;0;11;0
[246,247];7;0;0;7
[246,264];7;6;0;1
[246,265];7;6;0;1
[246,279];7;6;0;1
[246,280];7;6;0;1
[247,264];7;7;0;0
[247,265];7;7;0;0
[247,279];7;7;0;0
[247,280];7;7;0;0
[248,267];11;0;11;0
[248,268];11;0;11;0
[249,250];1;0;0;1
[249,251];1;0;0;1
[249,252];1;0;0;1
[250,251];1;0;0;1
[250,252];1;0;0;1
[251,252];1;0;0;1
[254,255];1;0;0;1
[254,262];1;1;0;0
[254,263];1;1;0;0
[255,262];1;1;0;0
[255,263];1;1;0;0
[258,259];2;2;0;0
[258,260];2;2;0;0
[258,261];2;0;0;2
[259,260];2;0;0;2
[259,261];2;0;0;2
[260,261];2;0;0;2
[262,263];1;0;0;1
[264,265];7;0;0;7
[264,279];7;7;0;0
[264,280];7;7;0;0
[265,279];7;7;0;0
[265,280];7;7;0;0
[267,268];11;0;0;11
[269,270];1;0;0;1
[269,272];2;0;0;2
[269,273];1;0;0;1
[272,273];1;0;0;1
[274,276];3;0;3;0
[274,277];3;0;3;0
[274,278];3;0;0;3
[276,277];3;3;0;0
[276,278];3;0;0;3
[277,278];3;0;0;3
[279,280];7;0;0;7
[281,282];3;0;0;3
[281,283];3;0;0;3
[281,284];1;0;0;1
[281,286];3;3;0;0
[281,287];3;3;0;0
[281,288];3;3;0;0
[282,283];3;0;0;3
[282,284];1;0;0;1
[282,286];3;3;0;0
[282,287];3;3;0;0
[282,288];3;3;0;0
[283,284];1;0;0;1
[283,286];3;3;0;0
[283,287];3;3;0;0
[283,288];3;3;0;0
[284,285];1;1;0;0
[287,288];7;0;0;7
[287,289];7;0;0;7
[288,289];7;0;0;7
[293,294];20;20;0;0
[293,389];20;0;20;0
[293,390];20;0;20;0
[294,389];20;20;0;0
[294,390];20;20;0;0
[295,296];4;0;0;4
[297,301];10;0;0;10
[297,332];10;10;0;0
[297,337];10;10;0;0
[297,338];10;10;0;0
[297,339];10;10;0;0
[297,342];10;10;0;0
[298,299];9;0;0;9
[298,314];9;8;0;1
[298,316];9;8;0;1
[298,317];9;8;0;1
[298,319];9;8;0;1
[299,314];9;9;0;0
[299,316];9;9;0;0
[299,317];9;9;0;0
[299,319];9;9;0;0
[301,332];10;10;0;0
[301,337];10;10;0;0
[301,338];10;10;0;0
[301,339];10;10;0;0
[301,342];10;10;0;0
[302,304];1;0;0;1
[302,306];1;0;0;1
[304,306];1;0;0;1
[307,308];5;0;5;0
[307,309];5;0;5;0
[307,311];5;0;0;5
[307,312];5;0;0;5
[308,309];5;5;0;0
[308,311];5;0;0;5
[308,312];5;0;0;5
[309,311];5;0;0;5
[309,312];5;0;0;5
[311,312];5;0;0;5
[313,320];11;0;0;11
[313,342];10;10;0;0
[314,315];4;0;0;4
[314,316];9;0;0;9
[314,317];9;0;0;9
[314,319];9;0;0;9
[316,317];9;0;0;9
[316,319];9;0;0;9
[317,319];9;0;0;9
[320,342];10;10;0;0
[321,323];6;0;0;6
[321,325];6;0;0;6
[321,330];6;6;0;0
[321,331];6;0;0;6
[321,340];6;6;0;0
[321,341];6;6;0;0
[323,325];6;0;0;6
[323,326];6;0;6;0
[323,327];6;0;6;0
[323,328];6;0;6;0
[323,330];6;0;6;0
[323,331];6;0;0;6
[323,340];6;6;0;0
[323,341];6;6;0;0
[325,330];6;6;0;0
[325,331];6;0;0;6
[325,340];6;6;0;0
[325,341];6;6;0;0
[326,327];6;0;0;6
[326,328];6;0;0;6
[326,329];5;0;0;5
[326,330];6;0;0;6
[326,331];6;0;0;6
[326,340];6;6;0;0
[326,341];6;6;0;0
[327,328];6;0;0;6
[327,329];5;0;0;5
[327,330];6;0;0;6
[327,331];6;0;0;6
[327,340];6;6;0;0
[327,341];6;6;0;0
[328,329];5;0;0;5
[328,330];6;0;0;6
[328,331];6;0;0;6
[328,340];6;6;0;0
[328,341];6;6;0;0
[330,331];6;0;0;6
[330,340];6;6;0;0
[330,341];6;6;0;0
[331,340];6;6;0;0
[331,341];6;6;0;0
[332,337];10;10;0;0
[332,338];10;10;0;0
[332,339];10;10;0;0
[332,342];10;0;0;10
[333,334];5;0;0;5
[333,335];6;0;0;6
[333,336];6;0;0;6
[335,336];6;0;0;6
[337,338];10;0;0;10
[337,339];10;10;0;0
[337,342];10;0;0;10
[338,339];10;10;0;0
[338,342];10;0;0;10
[339,342];10;0;0;10
[340,341];6;0;0;6
[343,344];22;0;0;22
[343,345];27;0;0;27
[343,347];12;0;0;12
[343,349];22;0;0;22
[343,425];27;8;1;18
[344,349];22;0;0;22
[345,347];12;0;0;12
[345,349];22;0;0;22
[345,425];27;8;1;18
[347,350];12;0;12;0
[347,352];12;0;12;0
[347,353];12;0;12;0
[347,355];12;0;12;0
[347,358];12;0;12;0
[347,359];12;0;12;0
[347,360];12;0;12;0
[347,361];12;0;12;0
[347,362];12;0;12;0
[347,365];12;0;12;0
[347,366];12;0;12;0
[347,385];12;0;12;0
[350,352];13;13;0;0
[350,353];13;13;0;0
[350,355];13;13;0;0
[350,365];13;13;0;0
[350,385];13;13;0;0
[352,353];13;0;0;13
[352,354];1;0;0;1
[352,355];13;0;0;13
[352,356];1;1;0;0
[352,357];1;0;0;1
[352,365];13;13;0;0
[352,385];13;13;0;0
[353,354];1;0;0;1
[353,355];13;0;0;13
[353,356];1;1;0;0
[353,357];1;0;0;1
[353,365];13;13;0;0
[353,385];13;13;0;0
[354,356];1;0;1;0
[354,357];1;0;0;1
[355,356];1;1;0;0
[355,357];1;0;0;1
[355,365];13;13;0;0
[355,385];13;13;0;0
[356,357];1;0;0;1
[358,359];14;14;0;0
[358,361];14;14;0;0
[358,366];14;14;0;0
[358,385];13;0;0;13
[359,360];7;7;0;0
[359,361];14;14;0;0
[359,362];7;7;0;0
[359,364];7;7;0;0
[359,366];14;14;0;0
[359,385];13;0;0;13
[360,362];13;0;0;13
[360,364];7;0;0;7
[361,362];13;0;0;13
[361,364];7;0;0;7
[361,366];14;0;0;14
[361,385];13;0;0;13
[362,364];7;0;0;7
[364,384];7;0;7;0
[365,385];13;0;0;13
[366,385];13;0;0;13
[367,369];4;0;0;4
[367,370];4;0;0;4
[367,372];4;0;4;0
[367,373];4;0;4;0
[367,374];4;0;4;0
[367,375];4;0;4;0
[367,377];4;0;4;0
[367,382];4;0;4;0
[367,383];4;0;0;4
[369,370];4;0;0;4
[369,372];4;0;4;0
[369,373];4;0;4;0
[369,374];4;0;4;0
[369,375];4;0;4;0
[369,377];4;0;4;0
[369,382];4;0;4;0
[369,383];4;0;0;4
[370,372];4;0;4;0
[370,373];4;0;4;0
[370,374];4;0;4;0
[370,375];4;0;4;0
[370,377];4;0;4;0
[370,382];4;0;4;0
[370,383];4;0;0;4
[372,373];4;0;0;4
[372,374];4;0;0;4
[372,375];4;0;0;4
[372,382];4;1;3;0
[372,383];4;0;0;4
[373,374];4;0;0;4
[373,375];4;0;0;4
[373,382];4;0;4;0
[373,383];4;0;0;4
[374,375];4;0;0;4
[374,382];4;0;4;0
[374,383];4;0;0;4
[375,377];4;4;0;0
[375,382];4;0;4;0
[375,383];4;0;0;4
[376,377];4;0;0;4
[376,378];6;0;0;6
[376,380];6;0;0;6
[376,382];4;2;2;0
[376,383];4;0;0;4
[377,382];4;0;4;0
[377,383];4;0;0;4
[378,380];6;0;0;6
[378,382];4;2;2;0
[378,383];4;0;0;4
[380,382];4;4;0;0
[380,383];4;0;0;4
[381,382];4;4;0;0
[381,383];4;0;0;4
[382,383];4;0;0;4
[386,387];2;0;2;0
[386,388];2;0;0;2
[387,388];2;0;0;2
[389,390];20;0;0;20
[391,392];3;0;0;3
[391,394];28;0;0;28
[391,399];3;2;1;0
[391,406];3;0;0;3
[391,430];28;1;27;0
[391,432];28;1;27;0
[392,399];3;0;3;0
[392,402];3;0;3;0
[392,405];3;0;3;0
[392,406];3;0;0;3
[392,407];1;1;0;0
[394,399];3;2;1;0
[394,406];3;0;0;3
[394,430];28;1;27;0
[394,432];28;1;27;0
[395,396];2;2;0;0
[395,399];3;3;0;0
[395,400];2;2;0;0
[395,401];29;29;0;0
[395,406];3;0;0;3
[395,408];29;0;29;0
[395,411];29;0;29;0
[395,412];29;0;29;0
[395,418];29;0;29;0
[395,424];29;0;29;0
[395,426];29;0;29;0
[395,427];29;0;29;0
[395,428];29;0;29;0
[395,430];29;0;29;0
[395,432];29;0;29;0
[395,433];29;0;29;0
[396,400];2;0;0;2
[396,401];1;1;0;0
[397,398];1;0;0;1
[397,431];2;1;0;1
[398,403];1;0;1;0
[398,404];1;0;1;0
[398,407];1;1;0;0
[398,409];1;1;0;0
[398,414];1;0;1;0
[398,415];1;0;1;0
[398,416];1;0;1;0
[398,419];1;0;1;0
[398,420];1;0;1;0
[398,421];1;0;1;0
[398,422];1;0;1;0
[398,423];1;1;0;0
[399,400];2;0;0;2
[399,401];1;1;0;0
[399,402];3;1;2;0
[399,405];3;1;2;0
[399,406];3;0;0;3
[400,401];1;1;0;0
[401,406];3;0;0;3
[401,408];29;0;29;0
[401,411];29;0;29;0
[401,412];29;0;29;0
[401,418];29;0;29;0
[401,424];29;0;29;0
[401,426];29;0;29;0
[401,427];29;0;29;0
[401,428];29;0;29;0
[401,430];29;0;29;0
[401,432];29;0;29;0
[401,433];29;0;29;0
[402,403];1;0;0;1
[402,404];1;0;0;1
[402,405];4;0;0;4
[402,406];3;0;0;3
[403,404];1;0;0;1
[403,407];1;1;0;0
[403,409];1;1;0;0
[403,414];1;0;1;0
[403,415];1;0;1;0
[403,416];1;0;1;0
[403,419];1;0;1;0
[403,420];1;0;1;0
[403,421];1;0;1;0
[403,422];1;0;1;0
[403,423];1;1;0;0
[404,407];1;1;0;0
[404,409];1;1;0;0
[404,414];1;0;1;0
[404,415];1;0;1;0
[404,416];1;0;1;0
[404,419];1;0;1;0
[404,420];1;0;1;0
[404,421];1;0;1;0
[404,422];1;0;1;0
[404,423];1;1;0;0
[405,406];3;0;0;3
[406,407];1;1;0;0
[407,409];1;1;0;0
[407,415];1;0;1;0
[407,419];1;0;1;0
[407,420];1;0;1;0
[407,421];1;0;1;0
[407,422];1;0;1;0
[407,423];1;1;0;0
[408,409];1;0;0;1
[408,411];29;0;0;29
[408,412];29;0;0;29
[408,416];1;1;0;0
[408,418];29;29;0;0
[408,423];1;0;0;1
[408,424];29;0;29;0
[408,426];29;0;29;0
[408,427];29;0;29;0
[408,428];29;0;29;0
[408,430];29;0;29;0
[408,432];29;0;29;0
[408,433];29;0;29;0
[409,414];1;0;1;0
[409,415];1;0;1;0
[409,416];1;0;1;0
[409,419];1;0;1;0
[409,420];1;0;1;0
[409,421];1;0;1;0
[409,422];1;0;1;0
[409,423];1;0;0;1
[411,412];29;0;0;29
[411,416];1;1;0;0
[411,418];29;29;0;0
[411,423];1;0;0;1
[411,424];29;0;29;0
[411,426];29;0;29;0
[411,427];29;0;29;0
[411,428];29;0;29;0
[411,430];29;0;29;0
[411,432];29;0;29;0
[411,433];29;0;29;0
[412,416];1;1;0;0
[412,418];29;29;0;0
[412,423];1;0;0;1
[412,424];29;0;29;0
[412,426];29;0;29;0
[412,427];29;0;29;0
[412,428];29;0;29;0
[412,430];29;0;29;0
[412,432];29;0;29;0
[412,433];29;0;29;0
[414,415];1;0;0;1
[414,416];1;0;0;1
[414,419];1;0;1;0
[414,420];1;0;1;0
[414,421];1;0;1;0
[414,422];1;0;1;0
[414,423];1;0;0;1
[415,416];1;0;0;1
[415,419];1;0;1;0
[415,420];1;0;1;0
[415,421];1;0;1;0
[415,422];1;0;1;0
[415,423];1;0;0;1
[416,419];1;0;1;0
[416,420];1;0;1;0
[416,421];1;0;1;0
[416,422];1;0;1;0
[416,423];1;0;0;1
[418,423];1;0;0;1
[418,424];29;0;29;0
[418,426];29;0;29;0
[418,427];29;0;29;0
[418,428];29;0;29;0
[418,430];29;0;29;0
[418,432];29;0;29;0
[418,433];29;0;29;0
[419,420];1;0;0;1
[419,421];1;0;0;1
[419,422];1;0;0;1
[419,423];1;0;0;1
[420,421];1;0;0;1
[420,422];1;0;0;1
[420,423];1;0;0;1
[421,422];1;0;0;1
[421,423];1;0;0;1
[422,423];1;0;0;1
[424,425];28;0;0;28
[424,426];29;0;0;29
[424,427];29;0;0;29
[424,428];29;29;0;0
[424,429];12;12;0;0
[424,430];12;12;0;0
[424,432];12;12;0;0
[424,433];29;0;0;29
[426,427];29;0;0;29
[426,428];29;29;0;0
[426,430];13;13;0;0
[426,432];12;12;0;0
[426,433];29;0;0;29
[427,428];29;29;0;0
[427,430];13;13;0;0
[427,432];12;12;0;0
[427,433];29;0;0;29
[428,429];12;0;0;12
[428,430];29;0;0;29
[428,431];2;0;0;2
[428,432];29;0;0;29
[428,433];29;0;0;29
[429,431];2;0;0;2
[429,449];12;0;12;0
[429,450];12;0;12;0
[430,431];2;0;0;2
[430,432];29;0;0;29
[430,433];29;0;0;29
[432,433];29;0;0;29
[434,435];11;11;0;0
[434,436];11;0;0;11
[434,437];11;0;0;11
[434,439];11;0;0;11
[434,441];11;0;0;11
[434,442];11;0;0;11
[434,443];11;11;0;0
[434,444];11;11;0;0
[434,445];11;11;0;0
[434,446];11;0;0;11
[434,447];11;11;0;0
[434,452];11;11;0;0
[435,436];11;0;0;11
[435,437];11;0;0;11
[435,439];11;0;0;11
[435,441];11;0;0;11
[435,442];11;0;0;11
[435,443];11;11;0;0
[435,444];11;11;0;0
[435,445];11;11;0;0
[435,446];11;0;0;11
[435,447];11;11;0;0
[435,452];11;11;0;0
[436,437];11;0;0;11
[436,439];11;0;0;11
[436,441];11;0;0;11
[436,442];11;0;0;11
[436,443];11;11;0;0
[436,444];11;11;0;0
[436,445];11;11;0;0
[436,446];11;0;0;11
[436,447];11;11;0;0
[436,452];11;11;0;0
[437,439];11;0;0;11
[437,441];11;0;0;11
[437,442];11;11;0;0
[437,443];11;11;0;0
[437,444];11;11;0;0
[437,445];11;11;0;0
[437,446];11;0;0;11
[437,447];11;11;0;0
[437,449];11;11;0;0
[437,450];11;11;0;0
[437,452];11;11;0;0
[439,441];11;0;0;11
[439,443];11;11;0;0
[439,444];11;11;0;0
[439,445];11;11;0;0
[439,446];11;0;0;11
[439,447];11;11;0;0
[439,449];11;11;0;0
[439,450];11;11;0;0
[439,452];11;11;0;0
[441,446];11;0;0;11
[441,447];11;11;0;0
[441,449];11;11;0;0
[441,450];11;11;0;0
[441,452];11;11;0;0
[442,443];11;0;0;11
[442,444];11;0;0;11
[442,445];11;0;0;11
[442,446];11;0;0;11
[442,447];11;11;0;0
[442,452];11;11;0;0
[443,444];11;0;0;11
[443,445];11;0;0;11
[443,446];11;0;0;11
[443,452];11;11;0;0
[444,445];11;0;0;11
[444,446];11;0;0;11
[444,452];11;11;0;0
[445,446];11;0;0;11
[445,452];11;11;0;0
[446,447];11;11;0;0
[446,452];11;11;0;0
[447,452];11;0;0;11
[448,453];2;0;2;0
[448,454];2;0;2;0
[448,455];2;0;2;0
[448,456];2;0;2;0
[448,457];2;0;2;0
[448,458];2;0;2;0
[448,459];2;0;2;0
[448,461];2;0;2;0
[449,450];12;0;0;12
[449,452];11;0;0;11
[449,457];2;1;1;0
[450,452];11;0;0;11
[450,457];2;1;1;0
[453,454];2;0;0;2
[453,455];2;0;0;2
[453,456];2;0;0;2
[453,457];2;0;0;2
[453,458];2;2;0;0
[453,459];2;2;0;0
[453,461];2;2;0;0
[454,455];2;0;0;2
[454,456];2;0;0;2
[454,457];2;0;0;2
[454,458];2;2;0;0
[454,459];2;2;0;0
[454,461];2;2;0;0
[455,456];2;0;0;2
[455,457];2;0;0;2
[455,458];2;2;0;0
[455,459];2;2;0;0
[455,461];2;2;0;0
[456,457];2;0;0;2
[456,458];2;2;0;0
[456,459];2;2;0;0
[456,461];2;2;0;0
[457,458];2;2;0;0
[457,459];2;2;0;0
[457,461];2;2;0;0
[458,459];2;0;0;2
[458,461];2;0;0;2
[459,461];2;0;0;2
[464,466];9;0;0;9
[464,468];9;0;0;9
[464,469];1;1;0;0
[464,470];1;0;0;1
[464,471];9;0;9;0
[464,472];9;2;7;0
[464,474];9;2;7;0
[464,475];9;2;7;0
[464,477];9;0;9;0
[464,478];9;0;9;0
[464,479];9;0;9;0
[464,480];9;0;9;0
[464,481];9;2;7;0
[464,482];9;2;7;0
[466,468];9;0;0;9
[466,469];1;1;0;0
[466,470];1;0;0;1
[466,471];9;0;9;0
[466,472];9;2;7;0
[466,474];9;2;7;0
[466,475];9;2;7;0
[466,477];9;0;9;0
[466,478];9;0;9;0
[466,479];9;0;9;0
[466,480];9;0;9;0
[466,481];9;2;7;0
[466,482];9;2;7;0
[468,469];1;1;0;0
[468,470];1;0;0;1
[468,471];9;0;9;0
[468,472];9;0;9;0
[468,474];9;0;9;0
[468,475];9;0;9;0
[468,477];9;0;9;0
[468,478];9;0;9;0
[468,479];9;0;9;0
[468,480];9;0;9;0
[468,481];9;0;9;0
[468,482];9;0;9;0
[469,470];1;0;0;1
[471,472];9;0;0;9
[471,474];9;0;0;9
[471,475];9;0;0;9
[471,482];9;0;0;9
[472,474];9;0;0;9
[472,475];9;0;0;9
[472,477];9;0;9;0
[472,478];9;0;9;0
[472,479];9;0;9;0
[472,480];9;0;9;0
[472,482];9;0;0;9
[474,475];9;0;0;9
[474,477];9;0;9;0
[474,478];9;0;9;0
[474,479];9;0;9;0
[474,480];9;0;9;0
[474,482];9;0;0;9
[475,477];9;0;9;0
[475,478];9;0;9;0
[475,479];9;0;9;0
[475,480];9;0;9;0
[475,482];9;0;0;9
[477,478];29;0;0;29
[477,479];29;0;0;29
[477,480];18;0;0;18
[477,481];29;29;0;0
[477,482];9;0;0;9
[478,479];29;0;0;29
[478,480];18;0;0;18
[478,481];29;29;0;0
[478,482];9;0;0;9
[479,480];18;0;0;18
[479,481];29;29;0;0
[479,482];9;0;0;9
[480,482];9;0;0;9
[481,482];9;0;0;9
[483,625];3;3;0;0
[484,626];3;3;0;0
[485,627];6;4;0;2
[487,624];21;5;0;16
[488,629];3;3;0;0
[489,630];3;3;0;0
[490,631];7;7;0;0
[491,628];1;1;0;0
[491,632];1;1;0;0
[492,1078];3;0;3;0
[492,1079];3;0;3;0
[495,496];61;0;0;61
[499,716];3;3;0;0
[499,726];3;0;0;3
[500,722];48;0;0;48
[503,507];148;0;148;0
[503,509];148;0;148;0
[503,511];148;0;148;0
[504,505];227;0;0;227
[504,507];148;13;135;0
[504,509];148;13;135;0
[504,511];148;13;135;0
[504,512];130;130;0;0
[505,507];148;13;135;0
[505,509];148;13;135;0
[505,511];148;13;135;0
[505,512];130;130;0;0
[507,508];26;0;0;26
[507,509];164;0;0;164
[507,511];148;0;0;148
[507,512];26;14;0;12
[509,511];148;0;0;148
[509,512];26;14;0;12
[516,518];1;0;0;1
[516,519];1;0;0;1
[516,520];1;0;0;1
[516,521];1;1;0;0
[518,519];1;0;0;1
[518,520];1;0;0;1
[518,521];1;1;0;0
[519,520];1;0;0;1
[519,521];1;1;0;0
[520,521];1;1;0;0
[522,526];2;0;0;2
[523,524];4;0;0;4
[523,532];1;1;0;0
[524,532];1;1;0;0
[525,526];2;0;0;2
[525,527];5;0;5;0
[525,529];5;0;5;0
[525,531];5;0;5;0
[525,532];1;1;0;0
[527,528];3;0;0;3
[527,529];6;0;0;6
[527,531];5;0;0;5
[527,532];3;1;0;2
[528,532];3;1;0;2
[529,531];5;0;0;5
[529,532];3;1;0;2
[534,535];12;12;0;0
[534,537];12;12;0;0
[534,538];12;12;0;0
[534,550];12;0;12;0
[534,551];12;0;12;0
[534,557];12;0;12;0
[534,558];12;0;12;0
[534,559];12;0;12;0
[534,560];12;0;12;0
[534,561];12;0;12;0
[534,562];12;0;12;0
[534,564];12;0;12;0
[534,565];12;0;12;0
[534,567];12;0;12;0
[534,568];12;0;12;0
[534,569];12;0;12;0
[534,570];12;12;0;0
[534,727];12;0;0;12
[535,537];12;0;0;12
[535,538];12;0;0;12
[535,550];12;0;12;0
[535,551];12;0;12;0
[535,557];12;0;12;0
[535,558];12;0;12;0
[535,559];12;0;12;0
[535,560];12;0;12;0
[535,561];12;0;12;0
[535,562];12;0;12;0
[535,565];12;2;10;0
[535,569];12;2;10;0
[535,570];12;0;0;12
[535,727];12;12;0;0
[537,538];12;0;0;12
[537,550];12;0;12;0
[537,551];12;0;12;0
[537,557];12;0;12;0
[537,558];12;0;12;0
[537,559];12;0;12;0
[537,560];12;0;12;0
[537,561];12;0;12;0
[537,562];12;0;12;0
[537,564];12;0;12;0
[537,565];12;0;12;0
[537,567];12;0;12;0
[537,568];12;0;12;0
[537,569];12;0;12;0
[537,570];12;0;0;12
[537,727];12;12;0;0
[538,550];12;0;12;0
[538,551];12;0;12;0
[538,557];12;0;12;0
[538,558];12;0;12;0
[538,559];12;0;12;0
[538,560];12;0;12;0
[538,561];12;0;12;0
[538,562];12;0;12;0
[538,565];12;2;10;0
[538,569];12;2;10;0
[538,570];12;0;0;12
[538,727];12;12;0;0
[540,541];25;0;0;25
[540,542];121;0;0;121
[540,543];25;0;0;25
[540,544];121;0;0;121
[541,543];25;0;0;25
[541,604];25;14;10;1
[542,544];121;0;0;121
[543,604];25;14;10;1
[546,571];131;0;131;0
[546,573];131;0;131;0
[550,551];1;1;0;0
[550,553];1;1;0;0
[550,557];12;0;12;0
[550,558];12;0;12;0
[550,559];12;0;12;0
[550,560];12;0;12;0
[550,561];12;0;12;0
[550,562];12;0;12;0
[550,565];12;0;0;12
[550,569];12;0;0;12
[550,570];12;0;0;12
[550,727];12;0;0;12
[551,552];5;0;0;5
[551,553];7;0;0;7
[551,554];5;0;0;5
[551,555];7;0;0;7
[551,557];12;0;12;0
[551,558];12;0;12;0
[551,559];12;0;12;0
[551,560];12;0;12;0
[551,561];12;0;12;0
[551,562];12;0;12;0
[551,565];12;0;0;12
[551,569];12;0;0;12
[551,570];12;0;0;12
[551,727];12;0;0;12
[552,554];5;0;0;5
[553,555];7;0;0;7
[557,565];12;0;0;12
[557,569];12;0;0;12
[557,570];12;0;0;12
[557,727];12;0;0;12
[558,559];13;0;0;13
[558,560];13;0;0;13
[558,561];13;0;0;13
[558,562];13;0;0;13
[558,565];12;0;0;12
[558,569];12;0;0;12
[558,570];12;0;0;12
[558,727];12;0;0;12
[559,560];13;0;0;13
[559,561];13;0;0;13
[559,562];13;0;0;13
[559,565];12;0;0;12
[559,569];12;0;0;12
[559,570];12;0;0;12
[559,727];12;0;0;12
[560,561];13;0;0;13
[560,562];13;0;0;13
[560,565];12;0;0;12
[560,569];12;0;0;12
[560,570];12;0;0;12
[560,727];12;0;0;12
[561,562];13;0;0;13
[561,565];12;0;0;12
[561,569];12;0;0;12
[561,570];12;0;0;12
[561,727];12;0;0;12
[562,565];12;0;0;12
[562,569];12;0;0;12
[562,570];12;0;0;12
[562,727];12;0;0;12
[564,565];12;0;0;12
[564,567];14;0;0;14
[564,569];12;0;0;12
[564,570];12;0;0;12
[564,727];12;0;0;12
[565,569];12;0;0;12
[565,570];12;0;0;12
[565,727];12;0;0;12
[567,569];12;0;0;12
[567,570];12;0;0;12
[567,727];12;0;0;12
[568,569];12;0;0;12
[568,570];12;0;0;12
[568,727];12;0;0;12
[569,570];12;0;0;12
[569,727];12;0;0;12
[570,727];12;12;0;0
[571,573];131;10;121;0
[605,609];29;0;29;0
[605,611];29;0;29;0
[605,612];29;0;29;0
[605,613];29;0;29;0
[607,608];52;0;0;52
[607,611];29;2;27;0
[607,613];29;2;27;0
[607,614];25;25;0;0
[607,615];29;0;0;29
[608,611];29;2;27;0
[608,613];29;2;27;0
[608,614];25;25;0;0
[608,615];29;0;0;29
[609,611];124;0;0;124
[609,612];29;0;0;29
[609,613];124;0;0;124
[611,612];29;0;0;29
[611,613];124;0;0;124
[611,614];124;4;0;120
[613,614];124;4;0;120
[614,615];29;0;0;29
[617,618];1;0;0;1
[617,619];1;0;0;1
[617,622];1;0;0;1
[618,619];1;0;0;1
[618,622];1;0;0;1
[619,622];1;0;0;1
[628,632];1;0;1;0
[639,641];15;15;0;0
[639,642];15;15;0;0
[640,642];15;0;0;15
[641,642];15;0;0;15
[644,645];1;1;0;0
[644,646];1;1;0;0
[644,647];1;0;1;0
[644,648];1;0;1;0
[644,649];1;1;0;0
[644,650];1;1;0;0
[644,651];1;1;0;0
[644,652];1;1;0;0
[644,653];1;1;0;0
[644,654];1;1;0;0
[644,655];1;1;0;0
[644,656];1;1;0;0
[645,646];1;1;0;0
[645,647];1;0;1;0
[645,648];1;0;1;0
[645,649];1;0;0;1
[645,650];1;1;0;0
[645,651];1;1;0;0
[645,652];1;1;0;0
[645,653];1;1;0;0
[645,654];1;1;0;0
[645,655];1;0;0;1
[645,656];1;1;0;0
[646,647];1;0;1;0
[646,648];1;0;1;0
[646,649];1;0;0;1
[646,650];1;1;0;0
[646,651];1;1;0;0
[646,652];1;1;0;0
[646,653];1;1;0;0
[646,654];1;1;0;0
[646,655];1;0;0;1
[646,656];1;1;0;0
[647,648];1;1;0;0
[647,649];1;0;0;1
[647,650];1;0;0;1
[647,651];1;0;0;1
[647,652];1;0;0;1
[647,653];1;0;0;1
[647,654];1;0;0;1
[647,655];1;0;0;1
[647,656];1;0;0;1
[648,649];1;0;0;1
[648,650];1;0;0;1
[648,651];1;0;0;1
[648,652];1;0;0;1
[648,653];1;0;0;1
[648,654];1;0;0;1
[648,655];1;0;0;1
[648,656];1;0;0;1
[649,650];1;1;0;0
[649,651];1;1;0;0
[649,652];1;1;0;0
[649,653];1;1;0;0
[649,654];1;1;0;0
[649,655];1;0;0;1
[649,656];1;1;0;0
[650,651];1;1;0;0
[650,652];1;0;0;1
[650,653];1;1;0;0
[650,654];1;1;0;0
[650,655];1;0;0;1
[650,656];1;1;0;0
[651,652];1;0;0;1
[651,653];1;1;0;0
[651,654];1;1;0;0
[651,655];1;0;0;1
[651,656];1;1;0;0
[652,653];1;1;0;0
[652,654];1;1;0;0
[652,655];1;0;0;1
[652,656];1;1;0;0
[653,654];1;0;0;1
[653,655];1;0;0;1
[653,656];1;1;0;0
[654,655];1;0;0;1
[654,656];1;1;0;0
[655,656];1;1;0;0
[657,658];5;0;0;5
[668,669];48;0;0;48
[670,671];1;0;0;1
[672,673];15;0;0;15
[675,682];151;50;0;101
[679,680];18;0;0;18
[679,681];18;0;0;18
[680,681];18;0;0;18
[692,718];1;0;1;0
[695,716];2;2;0;0
[704,723];16;16;0;0
[716,726];3;3;0;0
[731,733];3;0;0;3
[731,734];3;0;0;3
[731,735];1;0;0;1
[731,736];1;1;0;0
[731,737];1;1;0;0
[731,738];3;0;3;0
[731,739];3;0;3;0
[731,740];3;0;3;0
[731,741];3;0;3;0
[731,742];3;0;3;0
[731,743];3;0;3;0
[731,744];3;0;3;0
[731,748];3;0;3;0
[731,749];3;0;3;0
[731,750];3;0;3;0
[731,751];3;0;3;0
[731,752];3;0;3;0
[731,753];3;0;0;3
[733,734];3;0;0;3
[733,735];1;0;0;1
[733,736];1;1;0;0
[733,737];1;1;0;0
[733,738];3;0;3;0
[733,739];3;0;3;0
[733,740];3;0;3;0
[733,741];3;0;3;0
[733,742];3;0;3;0
[733,743];3;0;3;0
[733,744];3;0;3;0
[733,748];3;0;3;0
[733,749];3;0;3;0
[733,750];3;0;3;0
[733,751];3;0;3;0
[733,752];3;0;3;0
[733,753];3;0;0;3
[734,735];1;0;0;1
[734,736];1;1;0;0
[734,737];1;1;0;0
[734,738];3;0;3;0
[734,739];3;0;3;0
[734,740];3;0;3;0
[734,741];3;0;3;0
[734,742];3;0;3;0
[734,743];3;0;3;0
[734,744];3;0;3;0
[734,748];3;0;3;0
[734,749];3;0;3;0
[734,750];3;0;3;0
[734,751];3;0;3;0
[734,752];3;0;3;0
[734,753];3;0;0;3
[735,736];1;1;0;0
[735,737];1;1;0;0
[735,746];1;1;0;0
[736,746];1;1;0;0
[737,746];1;1;0;0
[738,739];3;0;0;3
[738,740];3;0;0;3
[738,741];3;0;0;3
[738,742];3;3;0;0
[738,743];3;3;0;0
[738,744];3;3;0;0
[738,748];3;0;3;0
[738,749];3;0;3;0
[738,750];3;0;3;0
[738,751];3;0;3;0
[738,752];3;0;3;0
[738,753];3;0;0;3
[739,740];3;0;0;3
[739,741];3;0;0;3
[739,742];1;1;0;0
[739,743];3;3;0;0
[739,744];1;1;0;0
[739,746];1;1;0;0
[739,748];3;0;3;0
[739,749];3;0;3;0
[739,750];3;0;3;0
[739,751];3;0;3;0
[739,752];3;0;3;0
[739,753];3;0;0;3
[740,741];3;0;0;3
[740,742];1;1;0;0
[740,743];3;3;0;0
[740,744];1;1;0;0
[740,746];1;1;0;0
[740,748];3;0;3;0
[740,749];3;0;3;0
[740,750];3;0;3;0
[740,751];3;0;3;0
[740,752];3;0;3;0
[740,753];3;0;0;3
[741,742];3;3;0;0
[741,743];3;3;0;0
[741,744];3;3;0;0
[741,748];3;0;3;0
[741,749];3;0;3;0
[741,750];3;0;3;0
[741,751];3;0;3;0
[741,752];3;0;3;0
[741,753];3;0;0;3
[742,743];3;0;0;3
[742,744];3;0;0;3
[742,746];1;0;0;1
[742,748];3;0;3;0
[742,749];3;0;3;0
[742,750];3;0;3;0
[742,751];3;0;3;0
[742,752];3;0;3;0
[742,753];3;0;0;3
[743,744];3;0;0;3
[743,746];1;0;0;1
[743,748];3;0;3;0
[743,749];3;0;3;0
[743,750];3;0;3;0
[743,751];3;0;3;0
[743,752];3;0;3;0
[743,753];3;0;0;3
[744,746];1;0;0;1
[744,748];3;0;3;0
[744,749];3;0;3;0
[744,750];3;0;3;0
[744,751];3;0;3;0
[744,752];3;0;3;0
[744,753];3;0;0;3
[748,749];3;0;0;3
[748,750];3;0;0;3
[748,751];3;0;0;3
[748,752];3;0;0;3
[748,753];3;0;0;3
[749,750];3;0;0;3
[749,751];3;0;0;3
[749,752];3;0;0;3
[749,753];3;0;0;3
[750,751];3;0;0;3
[750,752];3;0;0;3
[750,753];3;0;0;3
[751,752];3;0;0;3
[751,753];3;0;0;3
[752,753];3;0;0;3
[755,756];3;0;0;3
[755,758];12;0;0;12
[755,759];9;0;0;9
[755,760];9;9;0;0
[756,765];3;0;3;0
[756,766];3;0;3;0
[756,767];3;0;3;0
[756,768];3;0;3;0
[756,769];3;0;3;0
[756,770];3;0;3;0
[758,759];9;0;0;9
[758,760];9;9;0;0
[761,784];2;0;2;0
[761,785];2;2;0;0
[763,764];5;5;0;0
[765,766];3;3;0;0
[765,767];3;3;0;0
[765,768];3;3;0;0
[765,769];3;3;0;0
[765,770];3;3;0;0
[766,767];3;0;0;3
[766,768];3;0;0;3
[766,769];3;0;0;3
[766,770];3;0;0;3
[767,768];3;0;0;3
[767,769];3;0;0;3
[767,770];3;0;0;3
[768,769];3;0;0;3
[768,770];3;0;0;3
[769,770];3;0;0;3
[773,777];34;0;0;34
[773,788];34;0;0;34
[773,791];34;0;0;34
[777,788];34;0;0;34
[777,791];34;0;0;34
[778,779];2;1;0;1
[778,781];2;0;0;2
[778,782];4;4;0;0
[778,784];2;0;0;2
[778,785];2;0;0;2
[779,781];2;0;0;2
[779,782];5;0;0;5
[779,783];5;0;0;5
[779,784];2;0;0;2
[779,785];2;0;0;2
[779,787];5;5;0;0
[782,783];5;0;0;5
[782,784];2;0;0;2
[782,785];2;0;0;2
[782,787];5;5;0;0
[783,784];2;0;0;2
[783,785];2;0;0;2
[783,787];5;5;0;0
[784,785];2;0;0;2
[784,787];2;2;0;0
[785,787];2;2;0;0
[786,788];34;0;0;34
[786,790];39;0;0;39
[786,791];34;0;0;34
[788,791];34;0;0;34
[790,791];34;0;0;34
[800,801];55;0;0;55
[800,802];55;0;0;55
[800,829];55;0;55;0
[800,838];55;0;55;0
[801,802];55;0;0;55
[801,829];55;0;55;0
[801,838];55;0;55;0
[802,829];55;0;55;0
[802,838];55;0;55;0
[803,827];3;3;0;0
[804,824];6;0;6;0
[805,825];4;0;4;0
[810,811];3;3;0;0
[812,814];1;0;0;1
[812,816];1;0;0;1
[814,816];1;0;0;1
[817,819];2;0;0;2
[817,820];3;0;0;3
[818,819];2;0;0;2
[821,823];5;0;0;5
[826,827];3;0;0;3
[829,838];55;0;0;55
[831,832];1;0;1;0
[831,864];1;1;0;0
[831,865];1;1;0;0
[831,866];1;1;0;0
[831,869];1;1;0;0
[831,870];1;1;0;0
[831,882];1;0;1;0
[833,967];43;0;43;0
[834,896];12;0;12;0
[845,847];4;0;0;4
[845,849];4;0;0;4
[847,849];4;0;0;4
[849,852];4;0;4;0
[849,853];4;0;4;0
[849,854];4;0;4;0
[850,851];1;0;0;1
[852,853];7;0;0;7
[852,854];7;0;0;7
[852,876];1;0;0;1
[853,854];7;0;0;7
[853,876];1;0;0;1
[854,876];1;0;0;1
[858,860];1;0;0;1
[858,861];1;0;0;1
[858,996];1;0;1;0
[860,861];1;0;0;1
[860,996];1;0;1;0
[861,996];1;0;1;0
[863,876];1;0;0;1
[864,865];1;0;0;1
[864,866];1;0;0;1
[864,869];1;0;0;1
[864,870];1;0;0;1
[864,882];1;1;0;0
[865,866];1;0;0;1
[865,869];1;0;0;1
[865,870];1;0;0;1
[865,882];1;1;0;0
[866,869];1;0;0;1
[866,870];1;0;0;1
[866,882];1;1;0;0
[869,870];1;0;0;1
[869,882];1;1;0;0
[870,882];1;1;0;0
[871,872];8;0;0;8
[871,873];8;0;0;8
[872,873];8;0;0;8
[878,880];5;0;0;5
[878,881];6;0;0;6
[878,882];1;0;0;1
[878,883];1;0;0;1
[878,885];5;0;0;5
[880,885];5;0;0;5
[881,882];1;0;0;1
[881,883];1;0;0;1
[881,885];5;0;0;5
[887,888];6;0;0;6
[889,890];10;0;0;10
[889,891];13;0;0;13
[889,893];3;0;0;3
[891,893];3;0;0;3
[893,894];3;0;3;0
[897,899];3;0;0;3
[897,900];12;0;0;12
[897,901];9;0;0;9
[897,904];10;0;0;10
[900,901];9;0;0;9
[900,904];10;0;0;10
[905,906];4;0;0;4
[905,907];4;0;0;4
[905,908];4;0;0;4
[905,915];4;4;0;0
[905,916];4;4;0;0
[906,907];4;0;0;4
[906,908];4;0;0;4
[906,915];4;4;0;0
[906,916];4;4;0;0
[907,908];4;0;0;4
[907,915];4;4;0;0
[907,916];4;4;0;0
[908,915];4;4;0;0
[908,916];4;4;0;0
[909,911];2;0;0;2
[909,912];7;0;0;7
[909,913];5;0;0;5
[912,913];5;0;0;5
[913,918];5;0;5;0
[915,916];4;4;0;0
[921,923];17;0;0;17
[921,925];17;0;0;17
[923,925];17;0;0;17
[926,927];16;0;0;16
[926,928];20;0;0;20
[926,930];4;0;0;4
[927,963];16;0;16;0
[928,930];4;0;0;4
[930,951];4;0;4;0
[931,932];3;0;0;3
[931,933];3;0;0;3
[931,934];3;0;0;3
[932,933];3;0;0;3
[932,934];3;0;0;3
[933,934];3;0;0;3
[935,937];4;0;0;4
[935,939];4;0;0;4
[937,939];4;0;0;4
[941,942];2;2;0;0
[941,943];2;0;2;0
[941,983];2;0;0;2
[941,990];2;0;0;2
[941,993];2;1;1;0
[942,943];2;2;0;0
[942,983];2;0;0;2
[942,990];2;0;0;2
[942,993];2;2;0;0
[943,983];2;0;0;2
[943,990];2;0;0;2
[943,993];2;2;0;0
[945,946];1;0;1;0
[947,948];1;1;0;0
[953,1029];8;0;8;0
[953,1030];8;0;8;0
[953,1032];8;0;8;0
[953,1034];8;0;8;0
[953,1035];8;0;8;0
[954,955];1;1;0;0
[957,958];2;2;0;0
[957,968];2;0;0;2
[957,969];2;0;0;2
[957,970];2;0;0;2
[957,978];2;0;0;2
[957,979];2;0;0;2
[958,968];2;0;0;2
[958,969];2;0;0;2
[958,970];2;0;0;2
[958,978];2;0;0;2
[958,979];2;0;0;2
[968,969];2;0;0;2
[968,970];2;0;0;2
[968,978];2;0;0;2
[968,979];2;0;0;2
[969,970];2;0;0;2
[969,978];2;0;0;2
[969,979];2;0;0;2
[970,975];2;2;0;0
[970,976];2;2;0;0
[970,978];2;2;0;0
[970,979];2;0;0;2
[972,975];2;2;0;0
[972,976];2;2;0;0
[972,979];2;0;0;2
[973,975];2;2;0;0
[973,976];2;2;0;0
[973,979];2;0;0;2
[975,976];17;0;0;17
[975,978];2;0;0;2
[975,979];2;0;0;2
[976,978];2;0;0;2
[976,979];2;0;0;2
[978,979];2;0;0;2
[981,982];9;0;0;9
[981,983];2;0;0;2
[981,984];7;0;0;7
[981,985];7;0;7;0
[981,987];7;0;7;0
[981,989];7;0;7;0
[981,990];2;2;0;0
[982,983];2;0;0;2
[982,984];7;0;0;7
[982,985];7;0;7;0
[982,987];7;0;7;0
[982,989];7;0;7;0
[982,990];2;2;0;0
[983,990];2;2;0;0
[983,993];2;1;1;0
[984,985];7;0;7;0
[984,987];7;0;7;0
[984,989];7;0;7;0
[985,987];7;0;0;7
[985,989];7;0;0;7
[987,989];7;0;0;7
[990,993];2;1;1;0
[997,998];30;0;0;30
[999,1000];5;0;0;5
[1003,1004];3;0;0;3
[1005,1007];1;0;0;1
[1005,1008];1;0;0;1
[1007,1008];1;0;0;1
[1013,1014];1;0;0;1
[1013,1015];1;0;0;1
[1013,1016];1;0;0;1
[1013,1021];1;1;0;0
[1014,1015];1;0;0;1
[1014,1016];1;0;0;1
[1014,1021];1;1;0;0
[1015,1016];1;0;0;1
[1015,1021];1;1;0;0
[1016,1021];1;1;0;0
[1017,1018];3;0;0;3
[1017,1020];4;0;0;4
[1017,1021];1;0;0;1
[1017,1027];3;0;3;0
[1017,1028];3;0;0;3
[1018,1023];3;0;3;0
[1018,1024];3;0;3;0
[1018,1025];3;0;3;0
[1018,1026];3;0;3;0
[1018,1027];3;0;3;0
[1018,1028];3;0;0;3
[1020,1021];1;0;0;1
[1020,1027];3;0;3;0
[1020,1028];3;0;0;3
[1023,1024];3;0;0;3
[1023,1025];3;0;0;3
[1023,1026];3;0;0;3
[1023,1027];3;0;0;3
[1023,1028];3;0;0;3
[1024,1025];3;0;0;3
[1024,1026];3;0;0;3
[1024,1027];3;0;0;3
[1024,1028];3;0;0;3
[1025,1026];3;0;0;3
[1025,1027];3;0;0;3
[1025,1028];3;0;0;3
[1026,1027];3;0;0;3
[1026,1028];3;0;0;3
[1027,1028];3;0;0;3
[1029,1030];8;0;0;8
[1029,1032];8;0;0;8
[1029,1034];8;0;0;8
[1029,1035];8;0;0;8
[1030,1032];8;0;0;8
[1030,1033];2;0;0;2
[1030,1034];8;0;0;8
[1030,1035];8;0;0;8
[1032,1033];2;0;0;2
[1032,1034];8;0;0;8
[1032,1035];8;0;0;8
[1034,1035];8;0;0;8
[1036,1046];6;0;0;6
[1037,1064];2;0;2;0
[1039,1040];5;5;0;0
[1041,1042];6;6;0;0
[1041,1043];6;6;0;0
[1042,1043];6;6;0;0
[1044,1045];7;7;0;0
[1047,1049];1;1;0;0
[1048,1052];7;0;0;7
[1053,1054];8;0;0;8
[1053,1057];8;0;0;8
[1053,1060];8;0;0;8
[1054,1057];8;0;0;8
[1054,1060];8;0;0;8
[1055,1057];8;0;0;8
[1055,1058];9;0;0;9
[1055,1059];9;0;0;9
[1055,1060];8;0;0;8
[1057,1060];8;0;0;8
[1058,1059];9;0;0;9
[1058,1060];8;0;0;8
[1059,1060];8;0;0;8
[1061,1062];7;0;0;7
[1065,1066];2;0;0;2
[1065,1068];2;0;0;2
[1065,1069];1;0;0;1
[1066,1068];2;0;0;2
[1066,1069];1;0;0;1
[1068,1069];1;0;0;1
[1071,1072];1;0;0;1
[1071,1073];2;0;0;2
[1071,1075];1;0;0;1
[1071,1078];2;1;1;0
[1072,1078];1;0;1;0
[1072,1080];1;0;1;0
[1072,1081];1;0;1;0
[1073,1075];1;0;0;1
[1073,1078];2;1;1;0
[1075,1076];1;0;1;0
[1075,1077];1;0;1;0
[1076,1077];1;0;0;1
[1078,1079];3;0;0;3
[1080,1081];293;293;0;0
